month,VOO,VTI,VT,EWJ,BND,BIL
2010-09,0.035598,0.039372,0.044543,0.016444,0.00928,0.0
2010-10,0.037754,0.04026,0.037955,0.013145,0.00319,0.000219
2010-11,-0.001108,0.005105,-0.026458,0.02495,-0.006814,0.0
2010-12,0.06921,0.069594,0.076608,0.069594,-0.010206,-0.000219
2011-01,0.022234,0.020484,0.014017,0.001833,0.000873,0.0
2011-02,0.034665,0.036975,0.029297,0.054895,0.002934,0.0
2011-03,2.3e-05,0.004185,-0.000602,-0.104944,-0.001473,0.0
2011-04,0.029363,0.028962,0.043522,0.020349,0.014638,0.0
2011-05,-0.011699,-0.010609,-0.02268,-0.024691,0.011803,0.000219
2011-06,-0.016811,-0.017996,-0.013372,0.024435,-0.003755,0.0
2011-07,-0.02055,-0.022661,-0.021527,0.026846,0.016271,0.0
2011-08,-0.055161,-0.060883,-0.07252,-0.080299,0.016591,0.0
2011-09,-0.067856,-0.07572,-0.107182,-0.039594,0.006646,-0.000219
2011-10,0.107419,0.113652,0.112669,-0.006343,0.001126,-0.000436
2011-11,-0.002966,-0.003734,-0.012381,0.003192,-0.0006,0.000218
2011-12,0.011262,0.009771,-0.010278,-0.022316,0.011804,-0.000174
2012-01,0.044735,0.0507,0.054655,0.048299,0.006344,-0.000218
2012-02,0.042819,0.042185,0.04765,0.046073,0.000406,0.000219
2012-03,0.033026,0.030677,0.011737,0.019019,-0.005077,-0.000218
2012-04,-0.006369,-0.006365,-0.011808,-0.043222,0.011035,0.000219
2012-05,-0.060038,-0.062256,-0.089308,-0.087269,0.009315,0.0
2012-06,0.041358,0.040451,0.051336,0.068693,0.000665,-0.000436
2012-07,0.012042,0.008752,0.007226,-0.044633,0.012317,0.0
2012-08,0.025067,0.027022,0.024782,0.007787,0.001611,0.0
2012-09,0.025517,0.024914,0.031074,0.012141,0.001812,0.0
2012-10,-0.019569,-0.018058,-0.006038,-0.011995,-0.001012,0.000218
2012-11,0.005725,0.007743,0.015291,0.029801,0.000589,-0.000218
2012-12,0.010134,0.012928,0.031079,0.056269,-0.008765,0.0
2013-01,0.051695,0.054176,0.040065,0.022565,-0.006903,0.0
2013-02,0.013273,0.012815,-0.003113,0.024072,0.005355,0.0
2013-03,0.036124,0.039486,0.023533,0.057787,0.000791,0.0
2013-04,0.020939,0.016057,0.026778,0.083333,0.010151,-0.000219
2013-05,0.023243,0.024434,-0.005588,-0.073504,-0.019258,0.000219
2013-06,-0.015078,-0.014367,-0.026715,0.039533,-0.016478,-0.000219
2013-07,0.053041,0.057457,0.05164,0.0,0.003804,0.0
2013-08,-0.030817,-0.030314,-0.024552,-0.031194,-0.008584,0.0
2013-09,0.033897,0.038972,0.055875,0.096596,0.011139,-0.000218
2013-10,0.044676,0.04267,0.037084,-0.000839,0.008574,-0.000218
2013-11,0.02996,0.027027,0.015449,0.012595,-0.002943,-0.000219
2013-12,0.026373,0.027335,0.021968,0.014242,-0.006368,0.0
2014-01,-0.035294,-0.031693,-0.044445,-0.066722,0.01549,0.0
2014-02,0.045655,0.048665,0.05215,0.024713,0.004697,0.000219
2014-03,0.008804,0.005094,0.004866,-0.024117,-0.001697,-0.000219
2014-04,0.007237,0.000616,0.007374,-0.022065,0.008025,0.0
2014-05,0.022945,0.02102,0.020462,0.045126,0.01053,0.0
2014-06,0.020889,0.026212,0.022065,0.046824,0.000841,-0.000218
2014-07,-0.013766,-0.019947,-0.017516,-0.003322,-0.002779,-0.000219
2014-08,0.039726,0.041508,0.026496,-0.016666,0.011415,0.000219
2014-09,-0.013806,-0.020966,-0.033359,-0.002543,-0.005716,0.0
2014-10,0.024032,0.027459,0.00944,0.024639,0.007227,-0.000219
2014-11,0.027578,0.024803,0.012634,-0.036484,0.00831,0.0
2014-12,-0.008578,-0.000383,-0.019819,-0.026942,0.000568,-0.000218
2015-01,-0.028716,-0.027358,-0.016301,0.022242,0.024038,-0.000219
2015-02,0.055795,0.05742,0.05952,0.074848,-0.013067,0.0
2015-03,-0.015707,-0.011628,-0.012138,0.014575,0.005452,0.0
2015-04,0.010042,0.006154,0.025491,0.026337,-0.003234,-0.000218
2015-05,0.012507,0.012974,0.003325,0.014775,-0.004967,-0.000219
2015-06,-0.01947,-0.016749,-0.022203,-0.013405,-0.011123,0.0
2015-07,0.021765,0.017006,0.005039,0.009368,0.008793,0.0
2015-08,-0.061363,-0.060915,-0.066311,-0.062645,-0.002462,0.0
2015-09,-0.024656,-0.02923,-0.037109,-0.056931,0.008096,-0.000437
2015-10,0.084514,0.079113,0.072862,0.077865,0.000294,-0.000219
2015-11,0.004251,0.006008,-0.000843,0.00487,-0.003934,0.000219
2015-12,-0.017382,-0.021235,-0.02184,-0.01383,-0.001761,-0.000219
2016-01,-0.049109,-0.057239,-0.05866,-0.051155,0.01201,0.000219
2016-02,-0.002081,-0.000102,-0.011062,-0.053043,0.008509,0.0
2016-03,0.068734,0.071099,0.079725,0.04775,0.008832,0.0
2016-04,0.0035,0.006583,0.010054,0.000876,0.00403,0.000437
2016-05,0.017546,0.017344,0.006521,0.032399,-7.2e-05,0.0
2016-06,0.003223,0.002735,-0.001851,-0.016913,0.020198,-0.000219
2016-07,0.036837,0.039753,0.041502,0.048696,0.00599,0.000438
2016-08,0.001205,0.002065,0.003472,0.018242,-0.003137,0.0
2016-09,0.00029,0.001991,0.007785,0.021173,0.001141,0.000218
2016-10,-0.017918,-0.021917,-0.01972,0.007177,-0.009394,0.000219
2016-11,0.037257,0.044908,0.011903,-0.01247,-0.025738,-0.000437
2016-12,0.02072,0.019867,0.018138,-0.00923,0.003299,0.000219
2017-01,0.017827,0.018557,0.03,0.034998,0.001856,0.000437
2017-02,0.038762,0.036949,0.026898,0.013051,0.006165,0.000503
2017-03,0.001319,0.000553,0.014765,0.00527,-0.000395,-0.000176
2017-04,0.0104,0.010633,0.016253,0.00699,0.00796,0.000744
2017-05,0.014044,0.010113,0.019463,0.027574,0.007103,0.000154
2017-06,0.006297,0.009473,0.006313,0.013239,0.000513,0.001028
2017-07,0.020625,0.018803,0.026507,0.02069,0.006124,0.000329
2017-08,0.002912,0.001499,0.004183,-0.000913,0.01068,0.001137
2017-09,0.020422,0.024401,0.021076,0.018278,-0.004688,0.000722
2017-10,0.023271,0.021695,0.021069,0.052773,-0.000268,0.0007
2017-11,0.030576,0.030303,0.018972,0.021483,-0.001067,0.000547
2017-12,0.012827,0.011611,0.015945,0.006962,0.00541,0.000744
2018-01,0.055852,0.052314,0.054808,0.050225,-0.012381,0.001313
2018-02,-0.03726,-0.037596,-0.044428,-0.029711,-0.010363,0.000831
2018-03,-0.024676,-0.019632,-0.01279,-0.006386,0.006866,0.001302
2018-04,0.00347,0.004494,0.004211,-0.000659,-0.008529,0.001038
2018-05,0.024164,0.027213,0.00568,-0.014842,0.006821,0.001499
2018-06,0.007585,0.007036,-0.005954,-0.023128,0.001885,0.001487
2018-07,0.03563,0.033184,0.028758,0.010706,-0.000367,0.001389
2018-08,0.032198,0.034324,0.008612,-0.005296,0.006689,0.001586
2018-09,0.005761,0.001961,0.000793,0.034524,-0.005459,0.001399
2018-10,-0.068377,-0.074107,-0.078201,-0.08949,-0.008623,0.001707
2018-11,0.018852,0.020136,0.01731,0.009118,0.006362,0.001859
2018-12,-0.088472,-0.091762,-0.072368,-0.076911,0.018744,0.001828
2019-01,0.079196,0.085403,0.079896,0.070823,0.011109,0.001749
2019-02,0.032499,0.035588,0.028151,0.001474,-0.0009,0.001848
2019-03,0.019256,0.014167,0.010647,0.006622,0.019388,0.00175
2019-04,0.04034,0.039251,0.034714,0.012792,-0.000247,0.001925
2019-05,-0.063479,-0.064498,-0.059702,-0.048719,0.018264,0.002122
2019-06,0.069912,0.070781,0.063701,0.044702,0.012468,0.001816
2019-07,0.014602,0.014125,0.0,-0.004214,0.001496,0.001804
2019-08,-0.016406,-0.020827,-0.021022,-0.007912,0.027691,0.001695
2019-09,0.019723,0.017793,0.022725,0.0523,-0.005677,0.001618
2019-10,0.021827,0.02106,0.027933,0.034191,0.00311,0.001607
2019-11,0.036259,0.037878,0.025614,0.012781,-0.000415,0.001083
2019-12,0.029737,0.028041,0.034528,0.008696,-0.000746,0.001116
2020-01,-0.000372,-0.000611,-0.015558,-0.025152,0.019794,0.001204
2020-02,-0.080997,-0.07999,-0.072244,-0.082944,0.016675,0.001181
2020-03,-0.124414,-0.138857,-0.147645,-0.067409,-0.014287,0.002045
2020-04,0.127861,0.131332,0.103663,0.047985,0.027595,-0.000197
2020-05,0.047361,0.053963,0.052085,0.070518,0.006687,-0.000175
2020-06,0.018421,0.022982,0.030712,-0.000978,0.006712,0.0
2020-07,0.058815,0.057433,0.052941,-0.010743,0.014539,0.000109
2020-08,0.06971,0.071049,0.060056,0.067918,-0.009418,0.0
2020-09,-0.037563,-0.035376,-0.029315,0.018097,-0.000985,-0.000219
2020-10,-0.025451,-0.019494,-0.020462,-0.014051,-0.005564,0.00011
2020-11,0.109466,0.118031,0.123687,0.105598,0.012135,-0.000109
2020-12,0.037444,0.046763,0.049316,0.053352,0.001526,3.3e-05
2021-01,-0.010212,-0.003339,-0.002268,-0.008437,-0.008618,0.0
2021-02,0.027662,0.031393,0.02674,0.018361,-0.015477,-0.000109
2021-03,0.045753,0.036479,0.028509,0.004397,-0.012714,-0.000109
2021-04,0.052896,0.050365,0.04132,-0.016053,0.008659,0.0
2021-05,0.006674,0.00456,0.015793,0.017205,0.001539,-0.00011
2021-06,0.022595,0.02482,0.01182,-0.007903,0.008975,-0.000218
2021-07,0.024472,0.017368,0.006177,-0.006367,0.011684,-0.000109
2021-08,0.029517,0.028585,0.022638,0.019222,-0.001893,-0.000109
2021-09,-0.046637,-0.044642,-0.041077,0.027047,-0.010136,0.000109
2021-10,0.070385,0.066874,0.051458,-0.026335,0.000703,-0.000109
2021-11,-0.007343,-0.014605,-0.026151,-0.030263,0.002041,-0.000219
2021-12,0.045602,0.03793,0.038059,0.02277,-0.003103,0.0
2022-01,-0.052409,-0.060595,-0.045797,-0.043011,-0.020649,0.0
2022-02,-0.029805,-0.024867,-0.027705,-0.01779,-0.01138,-0.000218
2022-03,0.037892,0.032599,0.018854,-0.021131,-0.027522,0.000459
2022-04,-0.087843,-0.091316,-0.080956,-0.080993,-0.039727,-0.000109
2022-05,0.002588,-0.002514,0.004941,0.017308,0.008297,0.000328
2022-06,-0.082645,-0.082313,-0.081218,-0.073902,-0.01662,0.000777
2022-07,0.091991,0.093468,0.069838,0.062843,0.023818,0.000361
2022-08,-0.041289,-0.037285,-0.040525,-0.045592,-0.027975,0.001937
2022-09,-0.091989,-0.092305,-0.09529,-0.088449,-0.04183,0.002067
2022-10,0.081176,0.081128,0.063768,0.023337,-0.011577,0.001585
2022-11,0.05505,0.051693,0.082827,0.116223,0.036659,0.003152
2022-12,-0.057324,-0.058553,-0.044374,-0.022178,-0.00806,0.003626
2023-01,0.062902,0.06925,0.076459,0.0777,0.033129,0.002842
2023-02,-0.024984,-0.024018,-0.031795,-0.046531,-0.02666,0.003458
2023-03,0.0371,0.027071,0.028502,0.04916,0.026757,0.003991
2023-04,0.015901,0.010779,0.014225,0.002556,0.005879,0.003631
2023-05,0.004816,0.004265,-0.012098,0.008498,-0.011637,0.003751
2023-06,0.065099,0.067287,0.058079,0.050322,-0.002238,0.004606
2023-07,0.032901,0.036635,0.037224,0.024556,-0.001186,0.00386
2023-08,-0.016283,-0.019312,-0.028432,-0.028067,-0.006604,0.004967
2023-09,-0.047439,-0.048011,-0.042548,-0.021901,-0.024793,0.003991
2023-10,-0.021721,-0.026458,-0.029191,-0.02206,-0.015204,0.00431
2023-11,0.091704,0.094153,0.090095,0.061906,0.045414,0.004682
2023-12,0.045786,0.052939,0.051575,0.03881,0.035553,0.004275
2024-01,0.016071,0.011171,0.0,0.032273,-0.001632,0.004267
2024-02,0.052071,0.052987,0.044907,0.043951,-0.01363,0.004443
2024-03,0.032801,0.032597,0.031891,0.032263,0.008498,0.004102
2024-04,-0.040087,-0.04344,-0.035837,-0.057183,-0.024084,0.004322
2024-05,0.050257,0.047585,0.045992,0.025271,0.016805,0.004573
2024-06,0.035672,0.030789,0.01586,-0.003268,0.008807,0.003993
2024-07,0.011597,0.018915,0.019799,0.040006,0.023542,0.004508
2024-08,0.023936,0.021315,0.023333,0.014091,0.014516,0.004617
2024-09,0.021763,0.020309,0.021965,-0.005975,0.013166,0.004222
2024-10,-0.009475,-0.007522,-0.021805,-0.048504,-0.024557,0.003948
2024-11,0.05889,0.067003,0.041421,0.023799,0.010683,0.003707
2024-12,-0.023336,-0.030405,-0.029364,-0.022125,-0.01681,0.004031
2025-01,0.026948,0.03033,0.030558,0.018033,0.005979,0.0035
2025-02,-0.012651,-0.018888,-0.00413,0.002342,0.021566,0.003238
2025-03,-0.05608,-0.058553,-0.035177,0.001314,0.000122,0.00327
2025-04,-0.008114,-0.00735,0.005606,0.041861,0.003961,0.003402
2025-05,0.062817,0.062532,0.058062,0.037659,-0.006743,0.003632
2025-06,0.051727,0.051634,0.046732,0.019656,0.015166,0.003347
2025-07,0.022869,0.0229,0.010971,-0.018007,-0.002657,0.003566
2025-08,0.020757,0.023513,0.029554,0.063298,0.011541,0.003708
2025-09,0.035495,0.034199,0.033713,0.024655,0.011053,0.003302
2025-10,0.023939,0.022092,0.020247,0.040394,0.00603,0.003511
2025-11,0.002185,0.002653,0.002134,-0.005273,0.005973,0.002876
2025-12,0.000787,-0.000265,0.009219,0.009047,-0.003001,0.003352
2026-01,0.014495,0.015808,0.031122,0.06168,0.00216,0.002955
2026-02,-0.008142,-0.005285,0.016432,0.077578,0.016017,0.00267
2026-03,-0.050082,-0.050048,-0.062196,-0.08585,-0.017373,0.002878
2026-04,0.105481,0.104018,0.093117,0.055187,0.001499,0.002889
2026-05,0.052847,0.051838,0.045767,0.043322,0.002757,0.003174
2026-06,-0.009605,-0.003853,-0.003814,0.008786,0.002691,0.002725
2026-07,-0.000233,-0.004945,-0.006945,-0.009435,-0.012793,0.003371
2026-08,0.026564,0.026995,0.030091,0.037775,0.00364,0.002768
2026-09,0.011193,0.007801,0.004692,0.021694,-0.008154,0.002079
