series,matrix,Buy & Hold VOO,60/40 annual rebalance,VOO 200-day trend,Momentum top 1,VOO,BIL
Buy & Hold VOO,correlation_daily,1,0.9811390861,0.8385719456,0.794230666,0.9992505675,-0.02284025477
60/40 annual rebalance,correlation_daily,0.9811390861,1,0.8248741391,0.785699899,0.9804452456,-0.01740537792
VOO 200-day trend,correlation_daily,0.8385719456,0.8248741391,1,0.7952949455,0.8379598073,-0.004053939429
Momentum top 1,correlation_daily,0.794230666,0.785699899,0.7952949455,1,0.7936421103,0.007250884308
VOO,correlation_daily,0.9992505675,0.9804452456,0.8379598073,0.7936421103,1,-0.02342236568
BIL,correlation_daily,-0.02284025477,-0.01740537792,-0.004053939429,0.007250884308,-0.02342236568,1
Buy & Hold VOO,correlation_monthly,1,0.9831647975,0.7815152286,0.6960372919,1,-0.01020339756
60/40 annual rebalance,correlation_monthly,0.9831647975,1,0.77317401,0.6896295699,0.9831647975,0.008718394968
VOO 200-day trend,correlation_monthly,0.7815152286,0.77317401,1,0.8020086069,0.7815152286,0.009453966768
Momentum top 1,correlation_monthly,0.6960372919,0.6896295699,0.8020086069,1,0.6960372919,0.09531944568
VOO,correlation_monthly,1,0.9831647975,0.7815152286,0.6960372919,1,-0.01020339756
BIL,correlation_monthly,-0.01020339756,0.008718394968,0.009453966768,0.09531944568,-0.01020339756,1
Buy & Hold VOO,correlation_downside_VOO_negative_days,1,0.966128849,0.7921924072,0.7465472784,0.9974343975,-0.03488507256
60/40 annual rebalance,correlation_downside_VOO_negative_days,0.966128849,1,0.7690333465,0.7345057527,0.9637657113,-0.04676748787
VOO 200-day trend,correlation_downside_VOO_negative_days,0.7921924072,0.7690333465,1,0.7382488265,0.7901318488,-0.03198747983
Momentum top 1,correlation_downside_VOO_negative_days,0.7465472784,0.7345057527,0.7382488265,1,0.7447131092,-0.009825344122
VOO,correlation_downside_VOO_negative_days,0.9974343975,0.9637657113,0.7901318488,0.7447131092,1,-0.03652817737
BIL,correlation_downside_VOO_negative_days,-0.03488507256,-0.04676748787,-0.03198747983,-0.009825344122,-0.03652817737,1
Buy & Hold VOO,covariance_daily,0.0001126183216,6.761022958e-05,7.92923319e-05,8.357190819e-05,0.0001126292243,-4.025060928e-08
60/40 annual rebalance,covariance_daily,6.761022958e-05,4.216524382e-05,4.772559284e-05,5.058749178e-05,6.761963417e-05,-1.876842179e-08
VOO 200-day trend,covariance_daily,7.92923319e-05,4.772559284e-05,7.939125578e-05,7.026251639e-05,7.930155219e-05,-5.998333118e-09
Momentum top 1,covariance_daily,8.357190819e-05,5.058749178e-05,7.026251639e-05,9.831466033e-05,8.35807009e-05,1.193897676e-08
VOO,covariance_daily,0.0001126292243,6.761963417e-05,7.930155219e-05,8.35807009e-05,0.0001128091503,-4.131139977e-08
BIL,covariance_daily,-4.025060928e-08,-1.876842179e-08,-5.998333118e-09,1.193897676e-08,-4.131139977e-08,2.757617198e-08
Buy & Hold VOO,covariance_annualized,0.02837981706,0.01703777785,0.01998166764,0.02106012087,0.02838256452,-1.014315354e-05
60/40 annual rebalance,covariance_annualized,0.01703777785,0.01062564144,0.0120268494,0.01274804793,0.01704014781,-4.729642291e-06
VOO 200-day trend,covariance_annualized,0.01998166764,0.0120268494,0.02000659646,0.01770615413,0.01998399115,-1.511579946e-06
Momentum top 1,covariance_annualized,0.02106012087,0.01274804793,0.01770615413,0.0247752944,0.02106233663,3.008622143e-06
VOO,covariance_annualized,0.02838256452,0.01704014781,0.01998399115,0.02106233663,0.02842790587,-1.041047274e-05
BIL,covariance_annualized,-1.014315354e-05,-4.729642291e-06,-1.511579946e-06,3.008622143e-06,-1.041047274e-05,6.949195338e-06
