ticker,start_year,start,end,months,total_contributed,dca_final_value,lump_sum_final_value,dca_return,lump_sum_return,dca_vs_lump_sum,dca_max_drawdown,dca_days_to_recover,lump_sum_max_drawdown,lump_sum_days_to_recover,dca_worst_vs_contributed,lump_sum_worst_vs_contributed
VOO,2010,2010-09-09,2026-08-31,192,1920000.0,7143850.786011,17734679.549561,2.720756,8.236812,-0.597182,-0.339659,136.0,-0.33993,140.0,-0.105649,0.0
VOO,2011,2011-01-03,2026-08-31,188,1880000.0,6792550.134544,14988500.915426,2.613059,6.972607,-0.546816,-0.339641,136.0,-0.33993,140.0,-0.141765,-0.123659
VOO,2012,2012-01-03,2026-08-31,176,1760000.0,5843028.840031,13697013.41519,2.319903,6.782394,-0.573409,-0.33958,136.0,-0.33993,140.0,-0.044871,0.0
VOO,2013,2013-01-02,2026-08-31,164,1640000.0,4983384.123134,10897050.931528,2.038649,5.644543,-0.542685,-0.339497,136.0,-0.33993,140.0,-0.002395,-0.002395
VOO,2014,2014-01-02,2026-08-31,152,1520000.0,4270042.822328,7888251.593913,1.809239,4.189639,-0.458683,-0.339391,136.0,-0.33993,140.0,-0.059078,-0.047843
VOO,2015,2015-01-02,2026-08-31,140,1400000.0,3679554.996291,6375931.973434,1.628254,3.554237,-0.422899,-0.339254,136.0,-0.33993,140.0,-0.095648,-0.090985
VOO,2016,2016-01-04,2026-08-31,128,1280000.0,3137275.585827,5834969.456694,1.450997,3.55857,-0.462332,-0.339047,135.0,-0.33993,140.0,-0.07626,-0.09012
VOO,2017,2017-01-03,2026-08-31,116,1160000.0,2614754.353572,4616130.172733,1.254099,2.979423,-0.433561,-0.33868,134.0,-0.33993,140.0,-0.14642,0.0
VOO,2018,2018-01-02,2026-08-31,104,1040000.0,2175301.48297,3397343.722433,1.091636,2.266677,-0.359705,-0.338008,133.0,-0.33993,140.0,-0.197566,-0.135937
VOO,2019,2019-01-02,2026-08-31,92,920000.0,1794259.983428,3167590.055292,0.950283,2.443033,-0.433557,-0.336327,119.0,-0.33993,140.0,-0.227543,-0.08929
VOO,2020,2020-01-02,2026-08-31,80,800000.0,1435589.860504,2079992.057468,0.794487,1.59999,-0.30981,-0.319547,64.0,-0.33993,140.0,-0.300085,-0.312281
VOO,2021,2021-01-04,2026-08-31,68,680000.0,1116097.819416,1528145.940519,0.64132,1.247273,-0.269639,-0.209516,361.0,-0.245207,427.0,-0.136631,-0.008457
VOO,2022,2022-01-03,2026-08-31,56,560000.0,879200.686796,957988.261322,0.570001,0.710693,-0.082243,-0.184817,77.0,-0.245207,427.0,-0.16215,-0.245207
VOO,2023,2023-01-03,2026-08-31,44,440000.0,643133.457558,929102.477336,0.461667,1.111597,-0.307791,-0.183743,77.0,-0.186894,79.0,-0.024803,-0.0038
VOO,2024,2024-01-02,2026-08-31,32,320000.0,416467.686343,536273.424074,0.301462,0.675854,-0.223404,-0.180633,65.0,-0.186894,79.0,-0.076579,-0.010553
VOO,2025,2025-01-02,2026-08-31,20,200000.0,238700.611378,267144.487587,0.193503,0.335722,-0.106474,-0.159182,35.0,-0.186894,79.0,-0.143589,-0.147242
VOO,2026,2026-01-02,2026-08-31,8,80000.0,86559.047018,90297.533816,0.081988,0.128719,-0.041402,-0.084969,14.0,-0.089005,15.0,-0.079435,-0.072475
VTI,2010,2010-09-09,2026-08-31,192,1920000.0,6840132.122224,17007441.72514,2.562569,7.858043,-0.597815,-0.349721,140.0,-0.350003,142.0,-0.116656,0.0
VTI,2011,2011-01-03,2026-08-31,188,1880000.0,6504993.953012,14180577.869939,2.460103,6.542861,-0.541274,-0.349703,140.0,-0.350003,142.0,-0.152794,-0.137487
VTI,2012,2012-01-03,2026-08-31,176,1760000.0,5604410.521218,13098384.794169,2.184324,6.442264,-0.57213,-0.34964,137.0,-0.350003,142.0,-0.049046,0.0
VTI,2013,2013-01-02,2026-08-31,164,1640000.0,4783510.754949,10366258.169019,1.916775,5.320889,-0.53855,-0.349553,136.0,-0.350003,142.0,-0.00173,-0.00173
VTI,2014,2014-01-02,2026-08-31,152,1520000.0,4107199.782172,7447484.482227,1.702105,3.899661,-0.448512,-0.349444,136.0,-0.350003,142.0,-0.07761,-0.046067
VTI,2015,2015-01-02,2026-08-31,140,1400000.0,3547739.621104,6045873.720724,1.5341,3.318481,-0.413197,-0.349303,136.0,-0.350003,142.0,-0.111729,-0.108736
VTI,2016,2016-01-04,2026-08-31,128,1280000.0,3034436.130015,5587511.952818,1.370653,3.365244,-0.456925,-0.349092,135.0,-0.350003,142.0,-0.099331,-0.099085
VTI,2017,2017-01-03,2026-08-31,116,1160000.0,2533929.002,4387760.462543,1.184422,2.782552,-0.422501,-0.348712,135.0,-0.350003,142.0,-0.167873,0.0
VTI,2018,2018-01-02,2026-08-31,104,1040000.0,2114973.507546,3247209.769145,1.033628,2.122317,-0.34868,-0.348022,133.0,-0.350003,142.0,-0.215987,-0.159003
VTI,2019,2019-01-02,2026-08-31,92,920000.0,1751066.34272,3050242.31332,0.903333,2.315481,-0.425925,-0.346304,119.0,-0.350003,142.0,-0.242232,-0.106975
VTI,2020,2020-01-02,2026-08-31,80,800000.0,1405958.683216,2014699.477646,0.757448,1.518374,-0.30215,-0.329173,64.0,-0.350003,142.0,-0.309655,-0.321675
VTI,2021,2021-01-04,2026-08-31,68,680000.0,1095937.332114,1446740.800002,0.611673,1.12756,-0.242478,-0.221872,362.0,-0.253633,433.0,-0.155216,-0.04238
VTI,2022,2022-01-03,2026-08-31,56,560000.0,871383.099133,928600.16163,0.556041,0.658215,-0.061616,-0.190805,79.0,-0.253633,433.0,-0.171053,-0.253633
VTI,2023,2023-01-03,2026-08-31,44,440000.0,639919.54008,916100.108822,0.454363,1.082046,-0.301474,-0.189665,79.0,-0.193036,80.0,-0.032272,-0.002941
VTI,2024,2024-01-02,2026-08-31,32,320000.0,415803.797223,529972.211541,0.299387,0.656163,-0.215423,-0.186361,77.0,-0.193036,80.0,-0.084689,-0.012138
VTI,2025,2025-01-02,2026-08-31,20,200000.0,238858.29758,266244.591969,0.194291,0.331223,-0.102861,-0.16352,35.0,-0.193036,80.0,-0.148773,-0.15437
VTI,2026,2026-01-02,2026-08-31,8,80000.0,86556.296787,90494.0992,0.081954,0.131176,-0.043514,-0.084797,14.0,-0.089182,15.0,-0.078483,-0.070333
VT,2010,2010-09-09,2026-08-31,192,1920000.0,5364111.884876,10295733.830268,1.793808,4.362361,-0.478997,-0.342028,148.0,-0.342362,154.0,-0.155371,-0.057864
VT,2011,2011-01-03,2026-08-31,188,1880000.0,5160546.020323,8792394.558069,1.744971,3.676806,-0.413067,-0.34201,148.0,-0.342362,154.0,-0.181833,-0.178312
VT,2012,2012-01-03,2026-08-31,176,1760000.0,4589009.964838,8814120.440579,1.607392,4.008023,-0.479357,-0.341949,147.0,-0.342362,154.0,-0.079739,-0.035008
VT,2013,2013-01-02,2026-08-31,164,1640000.0,4024518.366222,6991073.580954,1.453975,3.26285,-0.424335,-0.341864,142.0,-0.342362,154.0,-0.086292,-0.009703
VT,2014,2014-01-02,2026-08-31,152,1520000.0,3546053.962149,5466751.527484,1.33293,2.596547,-0.351342,-0.341758,142.0,-0.342362,154.0,-0.130579,-0.089262
VT,2015,2015-01-02,2026-08-31,140,1400000.0,3130191.27687,4797264.998901,1.235851,2.426618,-0.347505,-0.341621,142.0,-0.342362,154.0,-0.137555,-0.132293
VT,2016,2016-01-04,2026-08-31,128,1280000.0,2725738.88643,4533689.492838,1.129484,2.541945,-0.398781,-0.341412,142.0,-0.342362,154.0,-0.157076,-0.103089
VT,2017,2017-01-03,2026-08-31,116,1160000.0,2316108.209747,3692846.244778,0.996645,2.183488,-0.372812,-0.341031,136.0,-0.342362,154.0,-0.212568,-0.045701
VT,2018,2018-01-02,2026-08-31,104,1040000.0,1970968.443738,2657909.127531,0.895162,1.555682,-0.258452,-0.340352,135.0,-0.342362,154.0,-0.245787,-0.233895
VT,2019,2019-01-02,2026-08-31,92,920000.0,1663841.916617,2631638.381846,0.808524,1.860477,-0.367754,-0.338685,120.0,-0.342362,154.0,-0.25619,-0.142528
VT,2020,2020-01-02,2026-08-31,80,800000.0,1360716.238516,1784250.080968,0.700895,1.230313,-0.237374,-0.322047,66.0,-0.342362,154.0,-0.309834,-0.33143
VT,2021,2021-01-04,2026-08-31,68,680000.0,1076996.852227,1321569.763033,0.583819,0.943485,-0.185062,-0.220264,256.0,-0.26382,474.0,-0.182778,-0.116313
VT,2022,2022-01-03,2026-08-31,56,560000.0,865736.828465,909736.436873,0.545959,0.624529,-0.048365,-0.165236,105.0,-0.261612,470.0,-0.163313,-0.261339
VT,2023,2023-01-03,2026-08-31,44,440000.0,639585.740501,876257.211089,0.453604,0.991494,-0.270094,-0.162657,37.0,-0.165145,38.0,-0.040711,0.0
VT,2024,2024-01-02,2026-08-31,32,320000.0,421439.599784,527025.487926,0.316999,0.646955,-0.200343,-0.160337,37.0,-0.165145,38.0,-0.075712,-0.013038
VT,2025,2025-01-02,2026-08-31,20,200000.0,241794.050891,280938.455556,0.20897,0.404692,-0.139334,-0.144437,34.0,-0.165145,38.0,-0.125303,-0.117221
VT,2026,2026-01-02,2026-08-31,8,80000.0,86211.902354,90926.633801,0.077649,0.136583,-0.051852,-0.092807,14.0,-0.096735,16.0,-0.072604,-0.053447
EWJ,2010,2010-09-09,2026-08-31,192,1920000.0,4152297.841708,6331166.340507,1.162655,2.297482,-0.34415,-0.32329,495.0,-0.331441,503.0,-0.130287,-0.086244
EWJ,2011,2011-01-03,2026-08-31,188,1880000.0,4023988.882504,5441281.800809,1.14042,1.894299,-0.26047,-0.322973,495.0,-0.331441,503.0,-0.140432,-0.197969
EWJ,2012,2012-01-03,2026-08-31,176,1760000.0,3652126.127431,5913782.676614,1.075072,2.360104,-0.382438,-0.321898,490.0,-0.331441,503.0,-0.096991,-0.068891
EWJ,2013,2013-01-02,2026-08-31,164,1640000.0,3252934.640707,5021458.903793,0.983497,2.061865,-0.352193,-0.320393,490.0,-0.331441,503.0,-0.093566,-0.035035
EWJ,2014,2014-01-02,2026-08-31,152,1520000.0,2920015.405807,3848092.184424,0.921063,1.53164,-0.241178,-0.31872,490.0,-0.331441,503.0,-0.123485,-0.113702
EWJ,2015,2015-01-02,2026-08-31,140,1400000.0,2610373.06488,3710750.16327,0.864552,1.650536,-0.296538,-0.316634,488.0,-0.331441,503.0,-0.146489,-0.072078
EWJ,2016,2016-01-04,2026-08-31,128,1280000.0,2319554.688978,3162797.155526,0.812152,1.470935,-0.266613,-0.313938,483.0,-0.331441,503.0,-0.162279,-0.134954
EWJ,2017,2017-01-03,2026-08-31,116,1160000.0,2022194.889633,2723230.777694,0.743271,1.347613,-0.257428,-0.309934,469.0,-0.331441,503.0,-0.203905,-0.078191
EWJ,2018,2018-01-02,2026-08-31,104,1040000.0,1764754.315269,1969034.377919,0.696879,0.893302,-0.103746,-0.304622,449.0,-0.331441,503.0,-0.224479,-0.25658
EWJ,2019,2019-01-02,2026-08-31,92,920000.0,1533131.848891,2025968.354277,0.666448,1.20214,-0.24326,-0.296962,447.0,-0.331441,503.0,-0.210384,-0.135312
EWJ,2020,2020-01-02,2026-08-31,80,800000.0,1289316.98941,1471036.665863,0.611646,0.838796,-0.123532,-0.283314,456.0,-0.331441,503.0,-0.243117,-0.277982
EWJ,2021,2021-01-04,2026-08-31,68,680000.0,1054824.845373,1107969.557847,0.551213,0.629367,-0.047966,-0.25169,252.0,-0.331441,503.0,-0.222234,-0.252261
EWJ,2022,2022-01-03,2026-08-31,56,560000.0,864308.289601,890411.285676,0.543408,0.59002,-0.029316,-0.165613,107.0,-0.280621,449.0,-0.164285,-0.270318
EWJ,2023,2023-01-03,2026-08-31,44,440000.0,640718.001228,847154.712014,0.456177,0.925352,-0.243682,-0.143396,21.0,-0.146762,22.0,-0.030062,-0.023217
EWJ,2024,2024-01-02,2026-08-31,32,320000.0,429797.968595,519317.622985,0.343119,0.622868,-0.172379,-0.142181,21.0,-0.146762,22.0,-0.091114,-0.012927
EWJ,2025,2025-01-02,2026-08-31,20,200000.0,250002.391023,300902.784998,0.250012,0.504514,-0.169159,-0.134234,21.0,-0.14477,21.0,-0.098374,-0.084913
EWJ,2026,2026-01-02,2026-08-31,8,80000.0,86826.222427,94824.478801,0.085328,0.185306,-0.084348,-0.12478,47.0,-0.135894,76.0,-0.051994,-0.001598
BND,2010,2010-09-09,2026-08-31,192,1920000.0,2216180.221468,2702184.270845,0.154261,0.407388,-0.179856,-0.179481,1092.0,-0.185821,,-0.022983,-0.018035
BND,2011,2011-01-03,2026-08-31,188,1880000.0,2160168.397591,2661597.318282,0.149026,0.415743,-0.188394,-0.179266,1092.0,-0.185821,,-0.01528,-0.011451
BND,2012,2012-01-03,2026-08-31,176,1760000.0,1995891.420225,2312966.002776,0.134029,0.314185,-0.137086,-0.178544,1089.0,-0.185821,,-0.032113,-0.009846
BND,2013,2013-01-02,2026-08-31,164,1640000.0,1841937.315026,2090406.233534,0.123133,0.274638,-0.118862,-0.177707,1057.0,-0.185821,,-0.040897,-0.039642
BND,2014,2014-01-02,2026-08-31,152,1520000.0,1687231.485264,1974371.263189,0.110021,0.298928,-0.145434,-0.176646,1054.0,-0.185821,,-0.054571,-0.000998
BND,2015,2015-01-02,2026-08-31,140,1400000.0,1536137.550279,1714195.729289,0.097241,0.224426,-0.103873,-0.175302,1051.0,-0.185821,,-0.068518,-0.011382
BND,2016,2016-01-04,2026-08-31,128,1280000.0,1390009.261174,1564624.252385,0.085945,0.222363,-0.111602,-0.173567,1050.0,-0.185821,,-0.081474,0.0
BND,2017,2017-01-03,2026-08-31,116,1160000.0,1248324.058864,1382210.055917,0.076141,0.19156,-0.096864,-0.171234,1019.0,-0.185821,,-0.093555,-0.005412
BND,2018,2018-01-02,2026-08-31,104,1040000.0,1108293.42085,1195084.502281,0.065667,0.14912,-0.072623,-0.167853,984.0,-0.185821,,-0.108247,-0.037459
BND,2019,2019-01-02,2026-08-31,92,920000.0,968498.378487,1050865.210955,0.052716,0.142245,-0.07838,-0.162444,690.0,-0.185821,,-0.130174,-0.043218
BND,2020,2020-01-02,2026-08-31,80,800000.0,837678.484644,840218.552569,0.047098,0.050273,-0.003023,-0.154831,652.0,-0.185821,,-0.145468,-0.120256
BND,2021,2021-01-04,2026-08-31,68,680000.0,717544.113417,664806.750308,0.055212,-0.022343,0.079327,-0.141358,649.0,-0.181082,,-0.136762,-0.181082
BND,2022,2022-01-03,2026-08-31,56,560000.0,598382.058234,560883.57704,0.068539,0.001578,0.066856,-0.099018,412.0,-0.161045,1089.0,-0.099018,-0.161045
BND,2023,2023-01-03,2026-08-31,44,440000.0,467794.194111,501137.043036,0.063169,0.138948,-0.066534,-0.056744,41.0,-0.07177,55.0,-0.047173,-0.036128
BND,2024,2024-01-02,2026-08-31,32,320000.0,332453.832228,348250.640509,0.038918,0.088283,-0.04536,-0.040351,49.0,-0.047404,168.0,-0.026406,-0.02834
BND,2025,2025-01-02,2026-08-31,20,200000.0,203241.500103,213694.263116,0.016208,0.068471,-0.048915,-0.024766,,-0.026755,,-0.010703,-0.010703
BND,2026,2026-01-02,2026-08-31,8,80000.0,79595.471225,79889.912475,-0.005057,-0.001376,-0.003686,-0.023145,91.0,-0.026755,,-0.012793,-0.008629
BIL,2010,2010-09-09,2026-08-31,192,1920000.0,2298257.333387,2396044.804461,0.197009,0.24794,-0.040812,-0.002693,489.0,-0.004316,583.0,-0.002639,-0.003882
BIL,2011,2011-01-03,2026-08-31,188,1880000.0,2248342.460619,2345614.467297,0.195927,0.247667,-0.04147,-0.002585,453.0,-0.004316,583.0,-0.002553,-0.004099
BIL,2012,2012-01-03,2026-08-31,176,1760000.0,2098592.401004,2197715.56013,0.192382,0.248702,-0.045103,-0.002252,414.0,-0.003491,546.0,-0.002216,-0.003274
BIL,2013,2013-01-02,2026-08-31,164,1640000.0,1948740.013729,2048317.418613,0.188256,0.248974,-0.048614,-0.001899,386.0,-0.003274,534.0,-0.001881,-0.003056
BIL,2014,2014-01-02,2026-08-31,152,1520000.0,1798827.630646,1900100.935366,0.183439,0.250066,-0.053299,-0.001845,158.0,-0.002403,496.0,-0.001412,-0.002184
BIL,2015,2015-01-02,2026-08-31,140,1400000.0,1648789.652606,1751622.948268,0.177707,0.251159,-0.058707,-0.001811,158.0,-0.002085,169.0,-0.000838,-0.001312
BIL,2016,2016-01-04,2026-08-31,128,1280000.0,1498579.328162,1602885.629336,0.170765,0.252254,-0.065074,-0.001765,157.0,-0.002085,169.0,-0.000438,-0.000438
BIL,2017,2017-01-03,2026-08-31,116,1160000.0,1348366.561387,1450710.223461,0.162385,0.250612,-0.070547,-0.001701,157.0,-0.002085,169.0,-0.000219,-0.000219
BIL,2018,2018-01-02,2026-08-31,104,1040000.0,1198638.430092,1292159.4323,0.152537,0.242461,-0.072376,-0.001606,136.0,-0.002085,169.0,0.0,0.0
BIL,2019,2019-01-02,2026-08-31,92,920000.0,1050582.492121,1123789.433749,0.141937,0.22151,-0.065143,-0.001451,135.0,-0.002085,169.0,0.0,0.0
BIL,2020,2020-01-02,2026-08-31,80,800000.0,905475.10447,957328.640217,0.131844,0.196661,-0.054165,-0.001154,101.0,-0.002085,169.0,-0.00077,-0.00011
BIL,2021,2021-01-04,2026-08-31,68,680000.0,762318.455981,810764.851653,0.121057,0.192301,-0.059754,-0.000788,88.0,-0.001311,128.0,-0.000788,-0.001311
BIL,2022,2022-01-03,2026-08-31,56,560000.0,619181.053815,668419.029108,0.10568,0.193605,-0.073663,-0.000328,16.0,-0.000328,16.0,-0.000218,-0.000218
BIL,2023,2023-01-03,2026-08-31,44,440000.0,476326.441228,517798.826698,0.08256,0.176816,-0.080094,-0.000219,2.0,-0.000219,2.0,-0.000109,-0.000109
BIL,2024,2024-01-02,2026-08-31,32,320000.0,338003.794455,358836.830039,0.056262,0.121365,-0.058057,-0.00011,1.0,-0.00011,1.0,0.0,0.0
BIL,2025,2025-01-02,2026-08-31,20,200000.0,206590.627279,213178.074163,0.032953,0.06589,-0.030901,-0.000109,1.0,-0.000109,1.0,0.0,0.0
BIL,2026,2026-01-02,2026-08-31,8,80000.0,81052.770592,81857.837535,0.01316,0.023223,-0.009835,-0.000109,1.0,-0.000109,1.0,0.0,0.0
