ticker,episode_peak,episode_depth,start_point,horizon_years,start,end,months,total_contributed,dca_final_value,lump_sum_final_value,dca_return,lump_sum_return,dca_vs_lump_sum,dca_max_drawdown,dca_days_to_recover,lump_sum_max_drawdown,lump_sum_days_to_recover,dca_worst_vs_contributed,lump_sum_worst_vs_contributed
VOO,2011-04-29,-0.187546,peak,1,2011-04-29,2012-03-30,12,120000.0,133639.600983,126398.600559,0.113663,0.053322,0.057287,-0.162292,78.0,-0.187546,123.0,-0.155817,-0.187546
VOO,2011-04-29,-0.187546,peak,3,2011-04-29,2014-03-31,36,360000.0,483542.722904,526504.621015,0.343174,0.462513,-0.081598,-0.162292,78.0,-0.187546,123.0,-0.155817,-0.187546
VOO,2011-04-29,-0.187546,peak,5,2011-04-29,2016-03-31,60,600000.0,802775.55162,1000631.463477,0.337959,0.667719,-0.197731,-0.162292,78.0,-0.187546,123.0,-0.155817,-0.187546
VOO,2011-04-29,-0.187546,peak,10,2011-04-29,2021-03-31,120,1200000.0,2641871.525085,4255998.423021,1.20156,2.546665,-0.379259,-0.339628,136.0,-0.33993,140.0,-0.155817,-0.187546
VOO,2011-04-29,-0.187546,trough,1,2011-10-03,2012-09-28,12,120000.0,133781.206365,160980.333925,0.114843,0.341503,-0.168959,-0.090209,28.0,-0.096549,41.0,0.0,0.0
VOO,2011-04-29,-0.187546,trough,3,2011-10-03,2014-09-30,36,360000.0,479077.77012,689329.833116,0.330772,0.914805,-0.305009,-0.090209,28.0,-0.096549,41.0,0.0,0.0
VOO,2011-04-29,-0.187546,trough,5,2011-10-03,2016-09-30,60,600000.0,805316.881406,1310095.908054,0.342195,1.183493,-0.385299,-0.126265,62.0,-0.130008,67.0,0.0,0.0
VOO,2011-04-29,-0.187546,trough,10,2011-10-03,2021-09-30,120,1200000.0,2699279.373625,5709167.2345,1.249399,3.757639,-0.527203,-0.339598,136.0,-0.33993,140.0,0.0,0.0
VOO,2011-04-29,-0.187546,recovery,1,2012-02-03,2013-01-31,12,120000.0,130843.069638,136591.287494,0.090359,0.138261,-0.042083,-0.083451,70.0,-0.096471,73.0,-0.062091,-0.043503
VOO,2011-04-29,-0.187546,recovery,3,2012-02-03,2015-01-30,36,360000.0,454266.24454,565777.705285,0.261851,0.571605,-0.197094,-0.083451,70.0,-0.096471,73.0,-0.062091,-0.043503
VOO,2011-04-29,-0.187546,recovery,5,2012-02-03,2017-01-31,60,600000.0,810029.809157,1123060.300015,0.35005,0.871767,-0.27873,-0.12607,62.0,-0.130008,67.0,-0.062091,-0.043503
VOO,2011-04-29,-0.187546,recovery,10,2012-02-03,2022-01-31,120,1200000.0,2698716.076949,4868384.080844,1.24893,3.056987,-0.445665,-0.339574,136.0,-0.33993,140.0,-0.062091,-0.043503
VOO,2018-09-20,-0.194768,peak,1,2018-09-20,2019-08-30,12,120000.0,126003.919803,121988.031849,0.050033,0.016567,0.03292,-0.171291,51.0,-0.194768,109.0,-0.171291,-0.194768
VOO,2018-09-20,-0.194768,peak,3,2018-09-20,2021-08-31,36,360000.0,528771.418643,585463.111079,0.468809,0.626286,-0.096832,-0.337116,120.0,-0.33993,140.0,-0.220256,-0.215793
VOO,2018-09-20,-0.194768,peak,5,2018-09-20,2023-08-31,60,600000.0,805756.225039,1004121.510345,0.342927,0.673536,-0.197551,-0.337116,120.0,-0.33993,140.0,-0.220256,-0.215793
VOO,2018-09-20,-0.194768,trough,1,2018-12-24,2019-11-29,12,120000.0,136340.043035,163577.623577,0.136167,0.363147,-0.166512,-0.063618,18.0,-0.066395,17.0,0.0,0.0
VOO,2018-09-20,-0.194768,trough,3,2018-12-24,2021-11-30,36,360000.0,518797.311249,736505.939151,0.441104,1.04585,-0.295597,-0.336608,119.0,-0.33993,140.0,-0.214953,-0.026111
VOO,2018-09-20,-0.194768,trough,5,2018-12-24,2023-11-30,60,600000.0,802403.771333,1268601.585973,0.33734,1.114336,-0.36749,-0.336608,119.0,-0.33993,140.0,-0.214953,-0.026111
VOO,2018-09-20,-0.194768,recovery,1,2019-04-12,2020-03-31,12,120000.0,104436.287047,108738.07314,-0.129698,-0.093849,-0.039561,-0.335289,,-0.33993,,-0.249317,-0.218396
VOO,2018-09-20,-0.194768,recovery,3,2019-04-12,2022-03-31,36,360000.0,483263.767579,589728.69003,0.342399,0.638135,-0.180532,-0.335289,77.0,-0.33993,140.0,-0.249317,-0.218396
VOO,2018-09-20,-0.194768,recovery,5,2019-04-12,2024-03-28,60,600000.0,880943.467176,1175523.420674,0.468239,0.959206,-0.250595,-0.335289,77.0,-0.33993,140.0,-0.249317,-0.218396
VOO,2020-02-19,-0.33993,peak,1,2020-02-19,2021-01-29,12,120000.0,140586.815207,133704.80818,0.171557,0.114207,0.051472,-0.308481,37.0,-0.33993,140.0,-0.308481,-0.33993
VOO,2020-02-19,-0.33993,peak,3,2020-02-19,2023-01-31,36,360000.0,397411.149689,453949.779676,0.10392,0.260972,-0.124548,-0.308481,37.0,-0.33993,140.0,-0.308481,-0.33993
VOO,2020-02-19,-0.33993,peak,5,2020-02-19,2025-01-31,60,600000.0,911930.938815,1154048.851256,0.519885,0.923415,-0.209799,-0.308481,37.0,-0.33993,140.0,-0.308481,-0.33993
VOO,2020-02-19,-0.33993,trough,1,2020-03-23,2021-02-26,12,120000.0,147941.565688,208164.684693,0.232846,0.734706,-0.289305,-0.094482,47.0,-0.094482,49.0,0.0,0.0
VOO,2020-02-19,-0.33993,trough,3,2020-03-23,2023-02-28,36,360000.0,389992.166964,670547.335113,0.083312,0.862631,-0.418397,-0.221932,,-0.245207,,-0.020976,0.0
VOO,2020-02-19,-0.33993,trough,5,2020-03-23,2025-02-28,60,600000.0,899312.625609,1726254.663588,0.498854,1.877091,-0.479038,-0.221932,273.0,-0.245207,427.0,-0.020976,0.0
VOO,2020-02-19,-0.33993,recovery,1,2020-08-10,2021-07-30,12,120000.0,141863.915982,159307.865236,0.182199,0.327566,-0.109498,-0.094482,19.0,-0.094482,49.0,-0.057932,-0.034572
VOO,2020-02-19,-0.33993,recovery,3,2020-08-10,2023-07-31,36,360000.0,419495.661153,514706.883161,0.165266,0.429741,-0.184981,-0.21528,258.0,-0.245207,,-0.096392,-0.034572
VOO,2020-02-19,-0.33993,recovery,5,2020-08-10,2025-07-31,60,600000.0,889587.206432,1217883.83372,0.482645,1.029806,-0.269563,-0.21528,258.0,-0.245207,427.0,-0.096392,-0.034572
VOO,2022-01-03,-0.245207,peak,1,2022-01-03,2022-12-30,12,120000.0,112226.85918,97592.066142,-0.064776,-0.186733,0.149959,-0.1716,60.0,-0.245207,,-0.16215,-0.245207
VOO,2022-01-03,-0.245207,peak,3,2022-01-03,2024-12-31,36,360000.0,480720.321221,462219.174121,0.335334,0.283942,0.040027,-0.1716,60.0,-0.245207,427.0,-0.16215,-0.245207
VOO,2022-01-03,-0.245207,trough,1,2022-10-12,2023-09-29,12,120000.0,126598.343499,146238.53022,0.054986,0.218654,-0.134302,-0.07132,26.0,-0.075364,46.0,-0.008602,0.0
VOO,2022-01-03,-0.245207,trough,3,2022-10-12,2025-09-30,36,360000.0,504425.44715,702566.811075,0.401182,0.951574,-0.282025,-0.184128,77.0,-0.186894,79.0,-0.008602,0.0
VOO,2022-01-03,-0.245207,recovery,1,2023-12-13,2024-11-29,12,120000.0,139614.547731,155728.511075,0.163455,0.297738,-0.103475,-0.080798,25.0,-0.084463,45.0,-0.006754,-0.002955
VOO,2025-02-19,-0.186894,peak,1,2025-02-19,2026-01-30,12,120000.0,134342.974199,137111.247785,0.119525,0.142594,-0.02019,-0.14926,34.0,-0.186894,79.0,-0.14926,-0.186894
VOO,2025-02-19,-0.186894,trough,1,2025-04-08,2026-03-31,12,120000.0,124891.19956,158877.174861,0.04076,0.323976,-0.213914,-0.08809,,-0.089005,,0.0,0.0
VOO,2025-02-19,-0.186894,recovery,1,2025-06-26,2026-05-29,12,120000.0,137845.288466,149710.604789,0.148711,0.247588,-0.079255,-0.087856,15.0,-0.089005,15.0,-0.03274,0.0
VTI,2011-04-29,-0.203041,peak,1,2011-04-29,2012-03-30,12,120000.0,133173.923023,125061.988473,0.109783,0.042183,0.064863,-0.174722,80.0,-0.203041,128.0,-0.167696,-0.203041
VTI,2011-04-29,-0.203041,peak,3,2011-04-29,2014-03-31,36,360000.0,488053.947526,527253.117071,0.355705,0.464592,-0.074346,-0.174722,80.0,-0.203041,128.0,-0.167696,-0.203041
VTI,2011-04-29,-0.203041,peak,5,2011-04-29,2016-03-31,60,600000.0,793797.188263,981930.983367,0.322995,0.636552,-0.191596,-0.174722,80.0,-0.203041,128.0,-0.167696,-0.203041
VTI,2011-04-29,-0.203041,peak,10,2011-04-29,2021-03-31,120,1200000.0,2665593.855228,4248769.458425,1.221328,2.540641,-0.37262,-0.349689,140.0,-0.350003,142.0,-0.167696,-0.203041
VTI,2011-04-29,-0.203041,trough,1,2011-10-03,2012-09-28,12,120000.0,133370.758985,161537.484741,0.111423,0.346146,-0.174366,-0.093598,28.0,-0.10059,74.0,-0.001843,0.0
VTI,2011-04-29,-0.203041,trough,3,2011-10-03,2014-09-30,36,360000.0,476587.61178,693156.347872,0.323854,0.925434,-0.312439,-0.093598,28.0,-0.10059,74.0,-0.001843,0.0
VTI,2011-04-29,-0.203041,trough,5,2011-10-03,2016-09-30,60,600000.0,803575.912642,1320803.305139,0.339293,1.201339,-0.391601,-0.145768,112.0,-0.151349,118.0,-0.001843,0.0
VTI,2011-04-29,-0.203041,trough,10,2011-10-03,2021-09-30,120,1200000.0,2703223.684399,5763357.237675,1.252686,3.802798,-0.530964,-0.349659,137.0,-0.350003,142.0,-0.001843,0.0
VTI,2011-04-29,-0.203041,recovery,1,2012-02-08,2013-01-31,12,120000.0,131460.470934,135801.842007,0.095504,0.131682,-0.031968,-0.086628,70.0,-0.10059,74.0,-0.068205,-0.056327
VTI,2011-04-29,-0.203041,recovery,3,2012-02-08,2015-01-30,36,360000.0,456204.671968,564582.549933,0.267235,0.568285,-0.191961,-0.086628,70.0,-0.10059,74.0,-0.068205,-0.056327
VTI,2011-04-29,-0.203041,recovery,5,2012-02-08,2017-01-31,60,600000.0,810386.893744,1115643.330605,0.350645,0.859406,-0.273615,-0.145076,111.0,-0.151349,118.0,-0.068205,-0.056327
VTI,2011-04-29,-0.203041,recovery,10,2012-02-08,2022-01-31,120,1200000.0,2631082.407418,4700296.879866,1.192569,2.916914,-0.440231,-0.349633,137.0,-0.350003,142.0,-0.068205,-0.056327
VTI,2015-06-23,-0.151349,peak,1,2015-06-23,2016-05-31,12,120000.0,124531.554268,118652.21046,0.037763,-0.011232,0.049551,-0.126448,48.0,-0.151349,,-0.108877,-0.151349
VTI,2015-06-23,-0.151349,peak,3,2015-06-23,2018-05-31,36,360000.0,448206.313431,482303.971265,0.245018,0.339733,-0.070697,-0.126448,48.0,-0.151349,118.0,-0.108877,-0.151349
VTI,2015-06-23,-0.151349,peak,5,2015-06-23,2020-05-29,60,600000.0,768842.150573,917291.930141,0.281404,0.52882,-0.161835,-0.349228,,-0.350003,,-0.108877,-0.151349
VTI,2015-06-23,-0.151349,peak,10,2015-06-23,2025-05-30,120,1200000.0,2389427.878355,3727678.324616,0.99119,2.106399,-0.359004,-0.349228,135.0,-0.350003,142.0,-0.108877,-0.151349
VTI,2015-06-23,-0.151349,trough,1,2016-02-11,2017-01-31,12,120000.0,132959.8636,155383.493428,0.107999,0.294862,-0.144312,-0.058888,11.0,-0.058888,11.0,0.0,0.0
VTI,2015-06-23,-0.151349,trough,3,2016-02-11,2019-01-31,36,360000.0,417312.366191,570599.672707,0.159201,0.584999,-0.268642,-0.198046,,-0.200464,,0.0,0.0
VTI,2015-06-23,-0.151349,trough,5,2016-02-11,2021-01-29,60,600000.0,911926.200018,1381549.536727,0.519877,1.302583,-0.339925,-0.349069,135.0,-0.350003,142.0,-0.103297,0.0
VTI,2015-06-23,-0.151349,trough,10,2016-02-11,2026-01-30,120,1200000.0,2612641.892541,5205258.109485,1.177202,3.337715,-0.498076,-0.349069,135.0,-0.350003,142.0,-0.103297,0.0
VTI,2015-06-23,-0.151349,recovery,1,2016-06-08,2017-05-31,12,120000.0,131487.281248,139307.113313,0.095727,0.160893,-0.056134,-0.058888,11.0,-0.058888,11.0,-0.058888,-0.058888
VTI,2015-06-23,-0.151349,recovery,3,2016-06-08,2019-05-31,36,360000.0,405758.834229,493174.35317,0.127108,0.369929,-0.177251,-0.197641,102.0,-0.200464,120.0,-0.058888,-0.058888
VTI,2015-06-23,-0.151349,recovery,5,2016-06-08,2021-05-28,60,600000.0,975544.639689,1319092.597003,0.625908,1.198488,-0.260443,-0.348957,135.0,-0.350003,142.0,-0.129416,-0.058888
VTI,2015-06-23,-0.151349,recovery,10,2016-06-08,2026-05-29,120,1200000.0,2736160.123157,4834760.181788,1.280133,3.028967,-0.434065,-0.348957,135.0,-0.350003,142.0,-0.129416,-0.058888
VTI,2018-09-20,-0.200464,peak,1,2018-09-20,2019-08-30,12,120000.0,125184.7808,120553.982321,0.043207,0.004617,0.038413,-0.173983,50.0,-0.200464,120.0,-0.173983,-0.200464
VTI,2018-09-20,-0.200464,peak,3,2018-09-20,2021-08-31,36,360000.0,532718.053687,585387.350011,0.479772,0.626076,-0.089973,-0.34711,121.0,-0.350003,142.0,-0.236049,-0.238096
VTI,2018-09-20,-0.200464,peak,5,2018-09-20,2023-08-31,60,600000.0,785782.309229,966237.841488,0.309637,0.610396,-0.186761,-0.34711,121.0,-0.350003,142.0,-0.236049,-0.238096
VTI,2018-09-20,-0.200464,trough,1,2018-12-24,2019-11-29,12,120000.0,135660.247938,162630.041553,0.130502,0.35525,-0.165835,-0.065989,18.0,-0.067848,17.0,0.0,0.0
VTI,2018-09-20,-0.200464,trough,3,2018-12-24,2021-11-30,36,360000.0,518178.477206,735352.265699,0.439385,1.042645,-0.295333,-0.346592,119.0,-0.350003,142.0,-0.230034,-0.047066
VTI,2018-09-20,-0.200464,trough,5,2018-12-24,2023-11-30,60,600000.0,781378.544751,1225493.574271,0.302298,1.042489,-0.362397,-0.346592,119.0,-0.350003,142.0,-0.230034,-0.047066
VTI,2018-09-20,-0.200464,recovery,1,2019-04-23,2020-03-31,12,120000.0,102378.5709,105209.268573,-0.146845,-0.123256,-0.026905,-0.345242,,-0.350003,,-0.263016,-0.242639
VTI,2018-09-20,-0.200464,recovery,3,2019-04-23,2022-03-31,36,360000.0,475436.375523,573790.020942,0.320657,0.593861,-0.171411,-0.345242,77.0,-0.350003,142.0,-0.263016,-0.242639
VTI,2018-09-20,-0.200464,recovery,5,2019-04-23,2024-03-28,60,600000.0,861840.042885,1127543.126619,0.4364,0.879239,-0.235648,-0.345242,77.0,-0.350003,142.0,-0.263016,-0.242639
VTI,2020-02-19,-0.350003,peak,1,2020-02-19,2021-01-29,12,120000.0,144968.4714,137615.060969,0.208071,0.146792,0.053435,-0.317849,37.0,-0.350003,142.0,-0.317849,-0.350003
VTI,2020-02-19,-0.350003,peak,3,2020-02-19,2023-01-31,36,360000.0,392222.9205,447982.782434,0.089508,0.244397,-0.124469,-0.317849,37.0,-0.350003,142.0,-0.317849,-0.350003
VTI,2020-02-19,-0.350003,peak,5,2020-02-19,2025-01-31,60,600000.0,894997.725229,1122783.633731,0.491663,0.871306,-0.202876,-0.317849,37.0,-0.350003,142.0,-0.317849,-0.350003
VTI,2020-02-19,-0.350003,trough,1,2020-03-23,2021-02-26,12,120000.0,153031.248101,218362.85425,0.27526,0.81969,-0.299188,-0.091591,19.0,-0.091591,47.0,0.0,0.0
VTI,2020-02-19,-0.350003,trough,3,2020-03-23,2023-02-28,36,360000.0,385638.050761,672654.000192,0.071217,0.868483,-0.426692,-0.232112,,-0.253633,,-0.034851,0.0
VTI,2020-02-19,-0.350003,trough,5,2020-03-23,2025-02-28,60,600000.0,877686.270266,1694740.226218,0.46281,1.824567,-0.482112,-0.232112,392.0,-0.253633,433.0,-0.034851,0.0
VTI,2020-02-19,-0.350003,recovery,1,2020-08-12,2021-07-30,12,120000.0,141761.115844,161258.899565,0.181343,0.343824,-0.12091,-0.091591,19.0,-0.091591,47.0,-0.058772,-0.038093
VTI,2020-02-19,-0.350003,recovery,3,2020-08-12,2023-07-31,36,360000.0,410911.61224,502512.152308,0.141421,0.395867,-0.182285,-0.227842,379.0,-0.253633,,-0.114257,-0.038093
VTI,2020-02-19,-0.350003,recovery,5,2020-08-12,2025-07-31,60,600000.0,867343.540311,1172403.927393,0.445573,0.954007,-0.260201,-0.227842,379.0,-0.253633,433.0,-0.114257,-0.038093
VTI,2022-01-03,-0.253633,peak,1,2022-01-03,2022-12-30,12,120000.0,111626.628893,95963.738054,-0.069778,-0.200302,0.163217,-0.179101,60.0,-0.253633,,-0.171053,-0.253633
VTI,2022-01-03,-0.253633,peak,3,2022-01-03,2024-12-31,36,360000.0,476049.119175,449280.361511,0.322359,0.248001,0.059581,-0.179101,60.0,-0.253633,433.0,-0.171053,-0.253633
VTI,2022-01-03,-0.253633,trough,1,2022-10-12,2023-09-29,12,120000.0,125750.123714,144494.525642,0.047918,0.204121,-0.129724,-0.076422,66.0,-0.083567,80.0,-0.013718,0.0
VTI,2022-01-03,-0.253633,trough,3,2022-10-12,2025-09-30,36,360000.0,500066.6648,688001.860392,0.389074,0.911116,-0.273161,-0.190073,79.0,-0.193036,80.0,-0.013718,0.0
VTI,2022-01-03,-0.253633,recovery,1,2023-12-19,2024-11-29,12,120000.0,140146.050402,153345.775633,0.167884,0.277881,-0.086078,-0.08201,25.0,-0.085704,45.0,-0.015081,-0.018025
VTI,2025-02-19,-0.193036,peak,1,2025-02-19,2026-01-30,12,120000.0,134297.907932,136471.561335,0.119149,0.137263,-0.015928,-0.152987,34.0,-0.193036,80.0,-0.152987,-0.193036
VTI,2025-02-19,-0.193036,trough,1,2025-04-08,2026-03-31,12,120000.0,125266.530173,159804.137794,0.043888,0.331701,-0.216125,-0.08819,,-0.089182,,0.0,0.0
VTI,2025-02-19,-0.193036,recovery,1,2025-06-27,2026-05-29,12,120000.0,137771.148709,149132.039087,0.148093,0.242767,-0.07618,-0.087935,15.0,-0.089182,15.0,-0.031508,0.0
VT,2011-04-29,-0.238324,peak,1,2011-04-29,2012-03-30,12,120000.0,126052.84064,113985.807517,0.05044,-0.050118,0.105864,-0.188519,125.0,-0.238324,,-0.188519,-0.238324
VT,2011-04-29,-0.238324,peak,3,2011-04-29,2014-03-31,36,360000.0,451713.122258,444992.878974,0.254759,0.236091,0.015102,-0.188519,125.0,-0.238324,457.0,-0.188519,-0.238324
VT,2011-04-29,-0.238324,peak,5,2011-04-29,2016-03-31,60,600000.0,693864.577992,750799.887848,0.156441,0.251333,-0.075833,-0.189235,,-0.238324,457.0,-0.188519,-0.238324
VT,2011-04-29,-0.238324,peak,10,2011-04-29,2021-03-31,120,1200000.0,2181369.790523,2836538.595592,0.817808,1.363782,-0.230975,-0.341997,147.0,-0.342362,154.0,-0.188519,-0.238324
VT,2011-04-29,-0.238324,trough,1,2011-10-03,2012-09-28,12,120000.0,129821.242048,150689.415307,0.081844,0.255745,-0.138485,-0.115171,76.0,-0.130301,104.0,-0.046106,0.0
VT,2011-04-29,-0.238324,trough,3,2011-10-03,2014-09-30,36,360000.0,442524.404602,598408.101381,0.229234,0.662245,-0.260497,-0.115171,76.0,-0.130301,104.0,-0.046106,0.0
VT,2011-04-29,-0.238324,trough,5,2011-10-03,2016-09-30,60,600000.0,719832.73263,1053537.27341,0.199721,0.755895,-0.316747,-0.188093,186.0,-0.197898,,-0.046106,0.0
VT,2011-04-29,-0.238324,trough,10,2011-10-03,2021-09-30,120,1200000.0,2206140.542985,3932704.574212,0.83845,2.277254,-0.439027,-0.341968,147.0,-0.342362,154.0,-0.046106,0.0
VT,2011-04-29,-0.238324,recovery,1,2013-01-02,2013-12-31,12,120000.0,135034.909783,144370.24592,0.125291,0.203085,-0.064662,-0.082675,24.0,-0.087162,39.0,-0.027076,-0.009703
VT,2011-04-29,-0.238324,recovery,3,2013-01-02,2015-12-31,36,360000.0,372964.060042,440690.908814,0.036011,0.224141,-0.153683,-0.142555,,-0.148035,,-0.027076,-0.009703
VT,2011-04-29,-0.238324,recovery,5,2013-01-02,2017-12-29,60,600000.0,796550.76498,992109.182578,0.327585,0.653515,-0.197114,-0.182823,182.0,-0.197898,306.0,-0.086292,-0.009703
VT,2011-04-29,-0.238324,recovery,10,2013-01-02,2022-12-30,120,1200000.0,1698709.583087,2567144.878639,0.415591,1.139287,-0.338288,-0.341864,142.0,-0.342362,154.0,-0.086292,-0.009703
VT,2015-05-21,-0.197898,peak,1,2015-05-21,2016-04-29,12,120000.0,120476.793216,110817.314632,0.003973,-0.076522,0.087166,-0.137695,62.0,-0.197898,,-0.133843,-0.197898
VT,2015-05-21,-0.197898,peak,3,2015-05-21,2018-04-30,36,360000.0,436739.10128,441980.994641,0.213164,0.227725,-0.01186,-0.137695,62.0,-0.197898,306.0,-0.133843,-0.197898
VT,2015-05-21,-0.197898,peak,5,2015-05-21,2020-04-30,60,600000.0,661306.294377,724791.860318,0.102177,0.207986,-0.087591,-0.341562,,-0.342362,,-0.13435,-0.197898
VT,2015-05-21,-0.197898,peak,10,2015-05-21,2025-04-30,120,1200000.0,1995521.154739,2699981.732437,0.662934,1.249985,-0.260913,-0.341562,142.0,-0.342362,154.0,-0.13435,-0.197898
VT,2015-05-21,-0.197898,trough,1,2016-02-11,2017-01-31,12,120000.0,131122.617951,152076.608539,0.092688,0.267305,-0.137786,-0.073458,15.0,-0.073458,15.0,-0.006057,0.0
VT,2015-05-21,-0.197898,trough,3,2016-02-11,2019-01-31,36,360000.0,399767.357903,537365.305862,0.110465,0.492681,-0.25606,-0.185929,,-0.199726,,-0.020125,0.0
VT,2015-05-21,-0.197898,trough,5,2016-02-11,2021-01-29,60,600000.0,844353.219541,1223403.624242,0.407255,1.039006,-0.309833,-0.341389,142.0,-0.342362,154.0,-0.159926,0.0
VT,2015-05-21,-0.197898,trough,10,2016-02-11,2026-01-30,120,1200000.0,2357714.299494,4267683.086693,0.964762,2.556403,-0.447542,-0.341389,142.0,-0.342362,154.0,-0.159926,0.0
VT,2015-05-21,-0.197898,recovery,1,2016-12-13,2017-11-30,12,120000.0,133810.184302,144684.352743,0.115085,0.205703,-0.075158,-0.021356,15.0,-0.021356,15.0,-0.016093,-0.016093
VT,2015-05-21,-0.197898,recovery,3,2016-12-13,2019-11-29,36,360000.0,413397.703471,487778.102084,0.148327,0.354939,-0.152488,-0.178783,109.0,-0.199726,308.0,-0.088342,-0.016093
VT,2015-05-21,-0.197898,recovery,5,2016-12-13,2021-11-30,60,600000.0,863638.518238,1117132.665128,0.439398,0.861888,-0.226915,-0.341071,142.0,-0.342362,154.0,-0.208588,-0.053362
VT,2018-01-26,-0.199726,peak,1,2018-01-26,2018-12-31,12,120000.0,106959.57821,100855.293007,-0.10867,-0.159539,0.060525,-0.168765,,-0.199726,,-0.151289,-0.199726
VT,2018-01-26,-0.199726,peak,3,2018-01-26,2020-12-31,36,360000.0,461832.85967,447342.007609,0.282869,0.242617,0.032393,-0.340348,135.0,-0.342362,154.0,-0.247503,-0.280209
VT,2018-01-26,-0.199726,peak,5,2018-01-26,2022-12-30,60,600000.0,667371.6381,723011.503189,0.112286,0.205019,-0.076956,-0.340348,135.0,-0.342362,154.0,-0.247503,-0.280209
VT,2018-01-26,-0.199726,trough,1,2018-12-24,2019-11-29,12,120000.0,132861.095725,154484.444035,0.107176,0.28737,-0.139971,-0.064763,29.0,-0.067294,68.0,0.0,0.0
VT,2018-01-26,-0.199726,trough,3,2018-12-24,2021-11-30,36,360000.0,478139.529737,636853.750317,0.328165,0.769038,-0.249216,-0.33896,120.0,-0.342362,154.0,-0.246463,-0.100569
VT,2018-01-26,-0.199726,trough,5,2018-12-24,2023-11-30,60,600000.0,731041.032998,1048343.538918,0.218402,0.747239,-0.30267,-0.33896,120.0,-0.342362,154.0,-0.246463,-0.100569
VT,2018-01-26,-0.199726,recovery,1,2019-10-28,2020-09-30,12,120000.0,129993.665629,128424.745569,0.083281,0.070206,0.012217,-0.332501,74.0,-0.342362,154.0,-0.300052,-0.284006
VT,2018-01-26,-0.199726,recovery,3,2019-10-28,2022-09-30,36,360000.0,333348.238915,392017.788389,-0.074033,0.088938,-0.14966,-0.332501,74.0,-0.342362,154.0,-0.300052,-0.284006
VT,2018-01-26,-0.199726,recovery,5,2019-10-28,2024-09-30,60,600000.0,828433.145245,1033897.98646,0.380722,0.723163,-0.198728,-0.332501,74.0,-0.342362,154.0,-0.300052,-0.284006
VT,2020-02-12,-0.342362,peak,1,2020-02-12,2021-01-29,12,120000.0,144587.55315,135929.188112,0.204896,0.132743,0.063698,-0.311341,56.0,-0.342362,154.0,-0.311341,-0.342362
VT,2020-02-12,-0.342362,peak,3,2020-02-12,2023-01-31,36,360000.0,387831.915425,426652.752963,0.077311,0.185147,-0.090989,-0.311341,56.0,-0.342362,154.0,-0.311341,-0.342362
VT,2020-02-12,-0.342362,peak,5,2020-02-12,2025-01-31,60,600000.0,815909.260036,967689.771233,0.359849,0.612816,-0.156848,-0.311341,56.0,-0.342362,154.0,-0.311341,-0.342362
VT,2020-02-12,-0.342362,trough,1,2020-03-23,2021-02-26,12,120000.0,151875.721028,212220.104624,0.265631,0.768501,-0.284348,-0.073806,19.0,-0.073806,43.0,0.0,0.0
VT,2020-02-12,-0.342362,trough,3,2020-03-23,2023-02-28,36,360000.0,378494.845406,628137.693688,0.051375,0.744827,-0.397433,-0.236921,,-0.26382,,-0.082313,0.0
VT,2020-02-12,-0.342362,trough,5,2020-03-23,2025-02-28,60,600000.0,813361.981427,1465386.296095,0.355603,1.44231,-0.44495,-0.236921,286.0,-0.26382,474.0,-0.082313,0.0
VT,2020-02-12,-0.342362,recovery,1,2020-08-24,2021-07-30,12,120000.0,137927.78175,154270.857858,0.149398,0.28559,-0.105938,-0.073806,16.0,-0.073806,43.0,-0.054786,-0.046226
VT,2020-02-12,-0.342362,recovery,3,2020-08-24,2023-07-31,36,360000.0,399517.804004,466252.181818,0.109772,0.295145,-0.143129,-0.229403,258.0,-0.26382,,-0.150523,-0.046226
VT,2020-02-12,-0.342362,recovery,5,2020-08-24,2025-07-31,60,600000.0,826222.265423,1044803.927142,0.377037,0.74134,-0.209208,-0.229403,258.0,-0.26382,474.0,-0.150523,-0.046226
VT,2021-11-08,-0.26382,peak,1,2021-11-08,2022-10-31,12,120000.0,106650.278296,94225.78511,-0.111248,-0.214785,0.131859,-0.181229,,-0.26382,,-0.177288,-0.26382
VT,2021-11-08,-0.26382,peak,3,2021-11-08,2024-10-31,36,360000.0,444301.534556,411332.422659,0.234171,0.14259,0.080152,-0.181229,118.0,-0.26382,474.0,-0.177288,-0.26382
VT,2021-11-08,-0.26382,trough,1,2022-10-12,2023-09-29,12,120000.0,124293.229424,145221.753869,0.035777,0.210181,-0.144114,-0.071454,,-0.07689,79.0,0.0,0.0
VT,2021-11-08,-0.26382,trough,3,2022-10-12,2025-09-30,36,360000.0,490941.664193,670157.985559,0.363727,0.86155,-0.267424,-0.162955,38.0,-0.165145,38.0,-0.013252,0.0
VT,2021-11-08,-0.26382,recovery,1,2024-01-29,2024-12-31,12,120000.0,127883.554999,137769.68488,0.065696,0.148081,-0.071758,-0.077062,18.0,-0.081279,18.0,-0.014465,-0.014465
VT,2025-02-18,-0.165145,peak,1,2025-02-18,2026-01-30,12,120000.0,137314.980862,143562.20904,0.144292,0.196352,-0.043516,-0.136916,24.0,-0.165145,38.0,-0.136916,-0.165145
VT,2025-02-18,-0.165145,trough,1,2025-04-08,2026-03-31,12,120000.0,128103.252615,163915.194984,0.067527,0.36596,-0.218478,-0.095859,,-0.096735,,0.0,0.0
VT,2025-02-18,-0.165145,recovery,1,2025-05-16,2026-04-30,12,120000.0,135221.547912,149523.216182,0.126846,0.246027,-0.095648,-0.095748,15.0,-0.096735,16.0,-0.013833,-0.013833
EWJ,2011-02-17,-0.239418,peak,1,2011-02-17,2012-01-31,12,120000.0,114846.045763,100766.189494,-0.04295,-0.160282,0.139728,-0.164344,113.0,-0.231948,,-0.164344,-0.231948
EWJ,2011-02-17,-0.239418,peak,3,2011-02-17,2014-01-31,36,360000.0,412008.594402,370360.590403,0.144468,0.028779,0.112453,-0.164344,113.0,-0.239418,313.0,-0.164344,-0.239418
EWJ,2011-02-17,-0.239418,peak,5,2011-02-17,2016-01-29,60,600000.0,662837.118088,642459.433921,0.104729,0.070766,0.031718,-0.172365,,-0.239418,313.0,-0.164344,-0.239418
EWJ,2011-02-17,-0.239418,peak,10,2011-02-17,2021-01-29,120,1200000.0,1820071.607799,2028404.177937,0.516726,0.690337,-0.102708,-0.292743,234.0,-0.30693,238.0,-0.164344,-0.239418
EWJ,2011-02-17,-0.239418,trough,1,2012-06-01,2013-05-31,12,120000.0,136793.086618,153465.732699,0.139942,0.278881,-0.108641,-0.115823,,-0.115823,,-0.02838,0.0
EWJ,2011-02-17,-0.239418,trough,3,2012-06-01,2015-05-29,36,360000.0,439253.19249,568058.811938,0.220148,0.577941,-0.226747,-0.128626,104.0,-0.136215,162.0,-0.02838,0.0
EWJ,2011-02-17,-0.239418,trough,5,2012-06-01,2017-05-31,60,600000.0,729404.409498,997765.068836,0.215674,0.662942,-0.268962,-0.204387,224.0,-0.215585,376.0,-0.048604,0.0
EWJ,2011-02-17,-0.239418,trough,10,2012-06-01,2022-05-31,120,1200000.0,1466437.910176,2340367.9515,0.222032,0.950307,-0.373416,-0.289513,232.0,-0.30693,238.0,-0.05575,0.0
EWJ,2011-02-17,-0.239418,recovery,1,2013-04-10,2014-03-31,12,120000.0,119523.732489,122730.043723,-0.003969,0.02275,-0.026125,-0.115823,35.0,-0.136215,162.0,-0.050405,-0.055308
EWJ,2011-02-17,-0.239418,recovery,3,2013-04-10,2016-03-31,36,360000.0,354958.784715,380217.560449,-0.014003,0.05616,-0.066432,-0.200137,,-0.215585,,-0.109136,-0.055308
EWJ,2011-02-17,-0.239418,recovery,5,2013-04-10,2018-03-29,60,600000.0,771432.51088,870316.745962,0.285721,0.450528,-0.113619,-0.200137,223.0,-0.215585,376.0,-0.109136,-0.055308
EWJ,2011-02-17,-0.239418,recovery,10,2013-04-10,2023-03-31,120,1200000.0,1434926.271701,1824709.735027,0.195772,0.520591,-0.213614,-0.319971,,-0.331441,,-0.109136,-0.055308
EWJ,2015-04-28,-0.215585,peak,1,2015-04-28,2016-03-31,12,120000.0,112285.620639,104071.7829,-0.064286,-0.132735,0.078925,-0.165069,,-0.215585,,-0.160803,-0.215585
EWJ,2015-04-28,-0.215585,peak,3,2015-04-28,2018-03-29,36,360000.0,438145.665989,428795.944089,0.217071,0.1911,0.021805,-0.165069,71.0,-0.215585,376.0,-0.160803,-0.215585
EWJ,2015-04-28,-0.215585,peak,5,2015-04-28,2020-03-31,60,600000.0,583886.322949,603236.841528,-0.026856,0.005395,-0.032078,-0.281443,,-0.30693,,-0.160803,-0.215585
EWJ,2015-04-28,-0.215585,peak,10,2015-04-28,2025-03-31,120,1200000.0,1582622.49197,1828454.530656,0.318852,0.523712,-0.134448,-0.315999,488.0,-0.331441,503.0,-0.160803,-0.215585
EWJ,2015-04-28,-0.215585,trough,1,2016-02-11,2017-01-31,12,120000.0,130706.970999,149890.930539,0.089225,0.249091,-0.127986,-0.064701,74.0,-0.068889,42.0,0.0,0.0
EWJ,2015-04-28,-0.215585,trough,3,2016-02-11,2019-01-31,36,360000.0,379828.885115,496602.519191,0.05508,0.379451,-0.235145,-0.209462,,-0.228625,,-0.045436,0.0
EWJ,2015-04-28,-0.215585,trough,5,2016-02-11,2021-01-29,60,600000.0,775409.145633,1055475.310126,0.292349,0.759126,-0.265346,-0.28107,183.0,-0.30693,238.0,-0.162751,0.0
EWJ,2015-04-28,-0.215585,trough,10,2016-02-11,2026-01-30,120,1200000.0,1976383.452462,3047924.216311,0.646986,1.539937,-0.351564,-0.313694,483.0,-0.331441,503.0,-0.162751,0.0
EWJ,2015-04-28,-0.215585,recovery,1,2017-02-21,2018-01-31,12,120000.0,139256.442198,148233.242398,0.16047,0.235277,-0.060559,-0.032322,9.0,-0.033053,20.0,-0.021774,-0.019566
EWJ,2015-04-28,-0.215585,recovery,3,2017-02-21,2020-01-31,36,360000.0,381665.087704,423142.912634,0.060181,0.175397,-0.098023,-0.196625,310.0,-0.228625,,-0.115994,-0.020948
EWJ,2015-04-28,-0.215585,recovery,5,2017-02-21,2022-01-31,60,600000.0,691410.658701,808173.981916,0.152351,0.346957,-0.144478,-0.280262,170.0,-0.30693,238.0,-0.207569,-0.120335
EWJ,2018-01-26,-0.30693,peak,1,2018-01-26,2018-12-31,12,120000.0,103881.086571,95523.569734,-0.134324,-0.20397,0.087492,-0.17094,,-0.228625,,-0.161136,-0.228625
EWJ,2018-01-26,-0.30693,peak,3,2018-01-26,2020-12-31,36,360000.0,440133.631714,394656.708135,0.222593,0.096269,0.115232,-0.278988,163.0,-0.30693,238.0,-0.226343,-0.30693
EWJ,2018-01-26,-0.30693,peak,5,2018-01-26,2022-12-30,60,600000.0,580370.544094,547437.42754,-0.032716,-0.087604,0.060159,-0.304589,,-0.331441,,-0.226343,-0.30693
EWJ,2018-01-26,-0.30693,trough,1,2020-03-16,2021-02-26,12,120000.0,147065.546798,191665.230382,0.225546,0.59721,-0.232696,-0.050654,,-0.083087,11.0,0.0,0.0
EWJ,2018-01-26,-0.30693,trough,3,2020-03-16,2023-02-28,36,360000.0,347050.158679,486982.18733,-0.035972,0.352728,-0.287345,-0.280646,,-0.331441,,-0.173246,0.0
EWJ,2018-01-26,-0.30693,trough,5,2020-03-16,2025-02-28,60,600000.0,704208.799317,1037770.374957,0.173681,0.729617,-0.321421,-0.280646,451.0,-0.331441,503.0,-0.173246,0.0
EWJ,2018-01-26,-0.30693,recovery,1,2020-11-09,2021-10-29,12,120000.0,121914.345331,131075.293766,0.015953,0.092294,-0.069891,-0.082726,,-0.089479,114.0,-0.023932,-0.013264
EWJ,2018-01-26,-0.30693,recovery,3,2020-11-09,2023-10-31,36,360000.0,352249.53722,349921.000567,-0.021529,-0.027997,0.006654,-0.258861,252.0,-0.331441,,-0.22177,-0.208668
EWJ,2018-01-26,-0.30693,recovery,5,2020-11-09,2025-10-31,60,600000.0,815898.2034,863318.673216,0.35983,0.438864,-0.054928,-0.258861,252.0,-0.331441,503.0,-0.22177,-0.208668
EWJ,2021-09-15,-0.331441,peak,1,2021-09-15,2022-08-31,12,120000.0,103883.200833,88756.627775,-0.134307,-0.260361,0.170428,-0.180503,,-0.281478,,-0.180503,-0.281478
EWJ,2021-09-15,-0.331441,peak,3,2021-09-15,2024-08-30,36,360000.0,434326.269576,368634.354104,0.206462,0.023984,0.178203,-0.201102,120.0,-0.331441,503.0,-0.201102,-0.331441
EWJ,2021-09-15,-0.331441,peak,5,2021-09-15,2026-08-31,60,600000.0,926235.790421,874098.252258,0.543726,0.45683,0.059647,-0.201102,120.0,-0.331441,503.0,-0.201102,-0.331441
EWJ,2021-09-15,-0.331441,trough,1,2022-10-20,2023-09-29,12,120000.0,127365.732548,150722.356284,0.061381,0.25602,-0.154965,-0.069885,,-0.072571,,0.0,0.0
EWJ,2021-09-15,-0.331441,trough,3,2022-10-20,2025-09-30,36,360000.0,464285.694955,629166.658431,0.289682,0.747685,-0.262062,-0.143562,21.0,-0.146762,22.0,0.0,0.0
EWJ,2021-09-15,-0.331441,recovery,1,2024-03-06,2025-02-28,12,120000.0,120810.319903,117786.925205,0.006753,-0.018442,0.025668,-0.113038,17.0,-0.122114,17.0,-0.079171,-0.109055
BND,2020-08-06,-0.185821,peak,1,2020-08-06,2021-07-30,12,120000.0,120909.625072,118713.343169,0.00758,-0.010722,0.018501,-0.036209,111.0,-0.044719,,-0.033353,-0.044719
BND,2020-08-06,-0.185821,peak,3,2020-08-06,2023-07-31,36,360000.0,336979.417131,312632.651499,-0.063946,-0.131576,0.077877,-0.14833,,-0.185821,,-0.144458,-0.185821
BND,2020-08-06,-0.185821,peak,5,2020-08-06,2025-07-31,60,600000.0,617924.732416,566163.804404,0.029875,-0.056394,0.091424,-0.14833,651.0,-0.185821,,-0.144458,-0.185821
BND,2020-08-06,-0.185821,trough,1,2022-10-20,2023-09-29,12,120000.0,117643.5411,123997.386719,-0.019637,0.033312,-0.051242,-0.044398,,-0.052693,,-0.021745,0.0
BND,2020-08-06,-0.185821,trough,3,2022-10-20,2025-09-30,36,360000.0,390289.214256,426708.084743,0.084137,0.1853,-0.085348,-0.060017,43.0,-0.07177,55.0,-0.039448,0.0
