ticker,horizon_years,windows,first_start,last_start,dca_return_median,dca_return_min,dca_return_max,lump_sum_return_median,lump_sum_return_min,lump_sum_return_max,lump_sum_win_rate,dca_vs_lump_sum_median,dca_vs_lump_sum_min,dca_vs_lump_sum_max,dca_loss_rate,lump_sum_loss_rate,dca_max_drawdown_median,dca_max_drawdown_worst,lump_sum_max_drawdown_median,lump_sum_max_drawdown_worst,dca_unrecovered_rate,lump_sum_unrecovered_rate
VOO,1,181,2010-09-09,2025-09-02,0.090576,-0.159518,0.230901,0.156671,-0.186733,0.638562,0.834254,-0.062589,-0.253522,0.149959,0.121547,0.099448,-0.097918,-0.335295,-0.100889,-0.33993,0.19337,0.276243
VOO,3,157,2010-09-09,2023-09-01,0.238974,-0.0272,0.476783,0.456312,0.162165,1.000374,0.980892,-0.16558,-0.370282,0.040027,0.012739,0.0,-0.183743,-0.338553,-0.187546,-0.33993,0.121019,0.178344
VOO,5,133,2010-09-09,2021-09-01,0.382002,0.117932,0.680571,0.893082,0.388099,1.452996,1.0,-0.258746,-0.435163,-0.12842,0.0,0.0,-0.213135,-0.339211,-0.245207,-0.33993,0.067669,0.067669
VOO,10,73,2010-09-09,2016-09-01,1.105215,0.651448,1.403286,2.547885,1.851686,3.757639,1.0,-0.428588,-0.527203,-0.362476,0.0,0.0,-0.339429,-0.339659,-0.33993,-0.33993,0.0,0.0
VTI,1,181,2010-09-09,2025-09-02,0.087001,-0.165677,0.248819,0.148483,-0.200302,0.708093,0.823204,-0.06221,-0.268881,0.163217,0.154696,0.121547,-0.09968,-0.345251,-0.107228,-0.350003,0.21547,0.303867
VTI,3,157,2010-09-09,2023-09-01,0.233899,-0.052447,0.480209,0.448724,0.127369,0.986837,0.961783,-0.16635,-0.381251,0.059581,0.012739,0.0,-0.189804,-0.348581,-0.200464,-0.350003,0.152866,0.191083
VTI,5,133,2010-09-09,2021-09-01,0.370312,0.086085,0.67882,0.85706,0.326111,1.408246,1.0,-0.253092,-0.439918,-0.096603,0.0,0.0,-0.225865,-0.349259,-0.253633,-0.350003,0.067669,0.067669
VTI,10,73,2010-09-09,2016-09-01,1.054908,0.606126,1.387499,2.39697,1.700265,3.802798,1.0,-0.425481,-0.530964,-0.350902,0.0,0.0,-0.349483,-0.349721,-0.350003,-0.350003,0.0,0.0
VT,1,181,2010-09-09,2025-09-02,0.063562,-0.179536,0.233859,0.121341,-0.214539,0.650753,0.745856,-0.048411,-0.252548,0.160085,0.20442,0.226519,-0.106498,-0.33766,-0.126708,-0.342362,0.281768,0.381215
VT,3,157,2010-09-09,2023-09-01,0.185743,-0.105871,0.403274,0.311186,0.034242,0.811804,0.917197,-0.128936,-0.349149,0.066878,0.044586,0.0,-0.18007,-0.340898,-0.199726,-0.342362,0.178344,0.261146
VT,5,133,2010-09-09,2021-09-01,0.267995,0.000536,0.560022,0.561729,0.146206,1.13854,1.0,-0.184402,-0.399171,-0.061634,0.0,0.0,-0.226293,-0.341578,-0.26382,-0.342362,0.135338,0.150376
VT,10,73,2010-09-09,2016-09-01,0.731247,0.314152,1.058723,1.442936,0.965291,2.339456,1.0,-0.320138,-0.439027,-0.238032,0.0,0.0,-0.341796,-0.342028,-0.342362,-0.342362,0.0,0.0
EWJ,1,181,2010-09-09,2025-09-02,0.053551,-0.190181,0.249326,0.083858,-0.285385,0.473958,0.651934,-0.031886,-0.199716,0.171842,0.314917,0.298343,-0.124782,-0.273812,-0.136215,-0.295713,0.38674,0.546961
EWJ,3,157,2010-09-09,2023-09-01,0.133396,-0.17092,0.436814,0.191432,-0.109837,0.801053,0.802548,-0.077854,-0.245018,0.111376,0.146497,0.031847,-0.194936,-0.287343,-0.228625,-0.331441,0.261146,0.369427
EWJ,5,133,2010-09-09,2021-09-01,0.179399,-0.134229,0.545337,0.364666,-0.077347,0.735217,0.969925,-0.117048,-0.269209,0.03836,0.067669,0.022556,-0.262448,-0.305584,-0.30693,-0.331441,0.315789,0.390977
EWJ,10,73,2010-09-09,2016-09-01,0.36956,0.022839,0.763446,0.759335,0.457373,1.530972,1.0,-0.235517,-0.373416,-0.113861,0.0,0.0,-0.314706,-0.320678,-0.331441,-0.331441,0.273973,0.287671
BND,1,181,2010-09-09,2025-09-02,0.016646,-0.099249,0.076727,0.026457,-0.155285,0.122818,0.696133,-0.015892,-0.061919,0.086616,0.292818,0.276243,-0.02753,-0.111425,-0.035863,-0.173819,0.359116,0.546961
BND,3,157,2010-09-09,2023-09-01,0.036185,-0.131996,0.138486,0.072415,-0.157584,0.186045,0.802548,-0.033959,-0.113925,0.110861,0.184713,0.216561,-0.047541,-0.15626,-0.051837,-0.185821,0.273885,0.356688
BND,5,133,2010-09-09,2021-09-01,0.057798,-0.095559,0.170964,0.103176,-0.054174,0.252002,0.81203,-0.057218,-0.096161,0.088902,0.233083,0.180451,-0.086744,-0.168512,-0.086744,-0.185821,0.285714,0.413534
BND,10,73,2010-09-09,2016-09-01,0.067064,-0.035458,0.236861,0.175647,0.073734,0.450071,1.0,-0.107135,-0.154309,-0.063566,0.054795,0.0,-0.173895,-0.177857,-0.185821,-0.185821,0.575342,0.739726
BIL,1,181,2010-09-09,2025-09-02,0.001477,-0.000838,0.028633,0.003319,-0.00153,0.053435,0.585635,-0.000931,-0.023785,0.000802,0.38674,0.381215,-0.000476,-0.000893,-0.000656,-0.00153,0.40884,0.458564
BIL,3,157,2010-09-09,2023-09-01,0.012144,-0.001826,0.075603,0.02349,-0.003055,0.150259,0.681529,-0.007361,-0.06856,0.001592,0.248408,0.280255,-0.000925,-0.001899,-0.001497,-0.003274,0.407643,0.458599
BIL,5,133,2010-09-09,2021-09-01,0.026445,-0.00246,0.111614,0.048792,-0.003881,0.193213,0.736842,-0.021689,-0.068468,0.002,0.135338,0.165414,-0.001451,-0.002585,-0.002085,-0.004316,0.240602,0.315789
BIL,10,73,2010-09-09,2016-09-01,0.070335,0.031529,0.165346,0.094902,0.045636,0.251433,1.0,-0.022437,-0.06879,-0.006197,0.0,0.0,-0.001855,-0.002693,-0.002838,-0.004316,0.0,0.0
