predictor,segment,bin_lower,bin_upper,observations,mean_predicted,observed_rate
ml:logistic_regression/base,validation,0,0.1,0,,
ml:logistic_regression/base,validation,0.1,0.2,0,,
ml:logistic_regression/base,validation,0.2,0.3,0,,
ml:logistic_regression/base,validation,0.3,0.4,4,0.3562969921,1
ml:logistic_regression/base,validation,0.4,0.5,75,0.4658982167,0.8266666667
ml:logistic_regression/base,validation,0.5,0.6,242,0.558146243,0.7520661157
ml:logistic_regression/base,validation,0.6,0.7,116,0.6373313111,0.5431034483
ml:logistic_regression/base,validation,0.7,0.8,89,0.7538397553,0.2471910112
ml:logistic_regression/base,validation,0.8,0.9,172,0.8502862691,0.6220930233
ml:logistic_regression/base,validation,0.9,1,38,0.9207136198,0.9736842105
ml:logistic_regression/base,test,0,0.1,0,,
ml:logistic_regression/base,test,0.1,0.2,0,,
ml:logistic_regression/base,test,0.2,0.3,0,,
ml:logistic_regression/base,test,0.3,0.4,0,,
ml:logistic_regression/base,test,0.4,0.5,0,,
ml:logistic_regression/base,test,0.5,0.6,22,0.5809616119,0.8181818182
ml:logistic_regression/base,test,0.6,0.7,625,0.6627528008,0.6784
ml:logistic_regression/base,test,0.7,0.8,263,0.729213957,0.7908745247
ml:logistic_regression/base,test,0.8,0.9,2,0.8049556958,1
ml:logistic_regression/base,test,0.9,1,0,,
ml:logistic_regression/extended,validation,0,0.1,0,,
ml:logistic_regression/extended,validation,0.1,0.2,0,,
ml:logistic_regression/extended,validation,0.2,0.3,0,,
ml:logistic_regression/extended,validation,0.3,0.4,16,0.3848528599,0.375
ml:logistic_regression/extended,validation,0.4,0.5,95,0.4651498495,0.7157894737
ml:logistic_regression/extended,validation,0.5,0.6,196,0.5516488189,0.6836734694
ml:logistic_regression/extended,validation,0.6,0.7,80,0.6490177956,0.725
ml:logistic_regression/extended,validation,0.7,0.8,105,0.7487902865,0.6761904762
ml:logistic_regression/extended,validation,0.8,0.9,88,0.8498612502,0.2954545455
ml:logistic_regression/extended,validation,0.9,1,156,0.9532821773,0.7307692308
ml:logistic_regression/extended,test,0,0.1,0,,
ml:logistic_regression/extended,test,0.1,0.2,0,,
ml:logistic_regression/extended,test,0.2,0.3,0,,
ml:logistic_regression/extended,test,0.3,0.4,2,0.3725201063,1
ml:logistic_regression/extended,test,0.4,0.5,15,0.4762290184,0.6
ml:logistic_regression/extended,test,0.5,0.6,142,0.5618112914,0.5704225352
ml:logistic_regression/extended,test,0.6,0.7,286,0.6509645891,0.7657342657
ml:logistic_regression/extended,test,0.7,0.8,293,0.7493676354,0.8156996587
ml:logistic_regression/extended,test,0.8,0.9,142,0.8413663449,0.5422535211
ml:logistic_regression/extended,test,0.9,1,32,0.9185442557,0.78125
ml:random_forest/base,validation,0,0.1,0,,
ml:random_forest/base,validation,0.1,0.2,1,0.1759760557,0
ml:random_forest/base,validation,0.2,0.3,67,0.2694235182,0.6417910448
ml:random_forest/base,validation,0.3,0.4,119,0.3506326972,0.7226890756
ml:random_forest/base,validation,0.4,0.5,80,0.4375160935,0.8625
ml:random_forest/base,validation,0.5,0.6,48,0.5542288558,0.8958333333
ml:random_forest/base,validation,0.6,0.7,83,0.6595726266,0.421686747
ml:random_forest/base,validation,0.7,0.8,146,0.737594938,0.5410958904
ml:random_forest/base,validation,0.8,0.9,192,0.8550701686,0.6354166667
ml:random_forest/base,validation,0.9,1,0,,
ml:random_forest/base,test,0,0.1,0,,
ml:random_forest/base,test,0.1,0.2,0,,
ml:random_forest/base,test,0.2,0.3,0,,
ml:random_forest/base,test,0.3,0.4,0,,
ml:random_forest/base,test,0.4,0.5,36,0.476891175,0.5
ml:random_forest/base,test,0.5,0.6,26,0.5568133055,0.4230769231
ml:random_forest/base,test,0.6,0.7,583,0.6603305253,0.7392795883
ml:random_forest/base,test,0.7,0.8,257,0.7117846506,0.7081712062
ml:random_forest/base,test,0.8,0.9,10,0.8392559068,1
ml:random_forest/base,test,0.9,1,0,,
ml:random_forest/extended,validation,0,0.1,0,,
ml:random_forest/extended,validation,0.1,0.2,9,0.1836414902,0.6666666667
ml:random_forest/extended,validation,0.2,0.3,62,0.2598105204,0.6451612903
ml:random_forest/extended,validation,0.3,0.4,151,0.3533514575,0.7350993377
ml:random_forest/extended,validation,0.4,0.5,46,0.4484824941,0.9130434783
ml:random_forest/extended,validation,0.5,0.6,49,0.5541192103,0.6734693878
ml:random_forest/extended,validation,0.6,0.7,110,0.6509239099,0.5272727273
ml:random_forest/extended,validation,0.7,0.8,111,0.7487137527,0.5045045045
ml:random_forest/extended,validation,0.8,0.9,105,0.851798966,0.5428571429
ml:random_forest/extended,validation,0.9,1,93,0.9344546067,0.7956989247
ml:random_forest/extended,test,0,0.1,0,,
ml:random_forest/extended,test,0.1,0.2,0,,
ml:random_forest/extended,test,0.2,0.3,0,,
ml:random_forest/extended,test,0.3,0.4,13,0.36225884,0.4615384615
ml:random_forest/extended,test,0.4,0.5,28,0.4713794106,0.3214285714
ml:random_forest/extended,test,0.5,0.6,137,0.5691377638,0.6423357664
ml:random_forest/extended,test,0.6,0.7,384,0.6530755652,0.7890625
ml:random_forest/extended,test,0.7,0.8,279,0.7391612639,0.6989247312
ml:random_forest/extended,test,0.8,0.9,63,0.8378488801,0.6825396825
ml:random_forest/extended,test,0.9,1,8,0.9282054638,1
ml:hist_gradient_boosting/base,validation,0,0.1,0,,
ml:hist_gradient_boosting/base,validation,0.1,0.2,13,0.1844366855,0.2307692308
ml:hist_gradient_boosting/base,validation,0.2,0.3,102,0.2518996295,0.6960784314
ml:hist_gradient_boosting/base,validation,0.3,0.4,89,0.3460571016,0.8651685393
ml:hist_gradient_boosting/base,validation,0.4,0.5,61,0.4572630215,0.8032786885
ml:hist_gradient_boosting/base,validation,0.5,0.6,52,0.5439503494,0.7884615385
ml:hist_gradient_boosting/base,validation,0.6,0.7,75,0.6714584031,0.4266666667
ml:hist_gradient_boosting/base,validation,0.7,0.8,158,0.7406784979,0.582278481
ml:hist_gradient_boosting/base,validation,0.8,0.9,186,0.8537069148,0.6021505376
ml:hist_gradient_boosting/base,validation,0.9,1,0,,
ml:hist_gradient_boosting/base,test,0,0.1,0,,
ml:hist_gradient_boosting/base,test,0.1,0.2,0,,
ml:hist_gradient_boosting/base,test,0.2,0.3,0,,
ml:hist_gradient_boosting/base,test,0.3,0.4,7,0.3999842193,0
ml:hist_gradient_boosting/base,test,0.4,0.5,39,0.4491909009,0.5897435897
ml:hist_gradient_boosting/base,test,0.5,0.6,9,0.5745565659,0.2222222222
ml:hist_gradient_boosting/base,test,0.6,0.7,577,0.6494528963,0.7452339688
ml:hist_gradient_boosting/base,test,0.7,0.8,267,0.7264247164,0.6891385768
ml:hist_gradient_boosting/base,test,0.8,0.9,13,0.8509937894,1
ml:hist_gradient_boosting/base,test,0.9,1,0,,
ml:hist_gradient_boosting/extended,validation,0,0.1,0,,
ml:hist_gradient_boosting/extended,validation,0.1,0.2,31,0.1846721292,0.3870967742
ml:hist_gradient_boosting/extended,validation,0.2,0.3,103,0.2515052156,0.8252427184
ml:hist_gradient_boosting/extended,validation,0.3,0.4,84,0.3554471004,0.7738095238
ml:hist_gradient_boosting/extended,validation,0.4,0.5,54,0.4468695739,0.7592592593
ml:hist_gradient_boosting/extended,validation,0.5,0.6,38,0.562335563,0.8157894737
ml:hist_gradient_boosting/extended,validation,0.6,0.7,90,0.6491203876,0.4222222222
ml:hist_gradient_boosting/extended,validation,0.7,0.8,183,0.7473238694,0.5409836066
ml:hist_gradient_boosting/extended,validation,0.8,0.9,134,0.8388900709,0.6492537313
ml:hist_gradient_boosting/extended,validation,0.9,1,19,0.9010878183,1
ml:hist_gradient_boosting/extended,test,0,0.1,0,,
ml:hist_gradient_boosting/extended,test,0.1,0.2,0,,
ml:hist_gradient_boosting/extended,test,0.2,0.3,0,,
ml:hist_gradient_boosting/extended,test,0.3,0.4,13,0.3720960934,0.3076923077
ml:hist_gradient_boosting/extended,test,0.4,0.5,19,0.435964389,0.6842105263
ml:hist_gradient_boosting/extended,test,0.5,0.6,44,0.5739831365,0.3181818182
ml:hist_gradient_boosting/extended,test,0.6,0.7,499,0.6558121493,0.7735470942
ml:hist_gradient_boosting/extended,test,0.7,0.8,274,0.7473936519,0.6934306569
ml:hist_gradient_boosting/extended,test,0.8,0.9,63,0.8303470094,0.7142857143
ml:hist_gradient_boosting/extended,test,0.9,1,0,,
baseline:historical_mean,validation,0,0.1,0,,
baseline:historical_mean,validation,0.1,0.2,0,,
baseline:historical_mean,validation,0.2,0.3,0,,
baseline:historical_mean,validation,0.3,0.4,0,,
baseline:historical_mean,validation,0.4,0.5,0,,
baseline:historical_mean,validation,0.5,0.6,0,,
baseline:historical_mean,validation,0.6,0.7,736,0.6959459459,0.6480978261
baseline:historical_mean,validation,0.7,0.8,0,,
baseline:historical_mean,validation,0.8,0.9,0,,
baseline:historical_mean,validation,0.9,1,0,,
baseline:historical_mean,test,0,0.1,0,,
baseline:historical_mean,test,0.1,0.2,0,,
baseline:historical_mean,test,0.2,0.3,0,,
baseline:historical_mean,test,0.3,0.4,0,,
baseline:historical_mean,test,0.4,0.5,0,,
baseline:historical_mean,test,0.5,0.6,0,,
baseline:historical_mean,test,0.6,0.7,912,0.6856435644,0.7149122807
baseline:historical_mean,test,0.7,0.8,0,,
baseline:historical_mean,test,0.8,0.9,0,,
baseline:historical_mean,test,0.9,1,0,,
