segment,predictor,start,end,total_return,cagr,volatility_annualized,max_drawdown,sharpe_ratio,sortino_ratio,calmar_ratio,final_equity,share_of_decisions_invested,var_95,cvar_95,var_99,cvar_99,trades,total_costs,cagr_minus_buy_and_hold,sharpe_ratio_minus_buy_and_hold,max_drawdown_minus_buy_and_hold,total_return_minus_buy_and_hold
train,ml:logistic_regression/base,2011-09-08,2019-12-31,2.309431406,0.154860744,0.135048984,-0.1947678279,1.097646173,1.565156069,0.7951043336,33094.31406,0.99,0.01409558102,0.02104533386,0.02488488089,0.03118351255,5,59.422124,0.0004667581221,0.008120136754,1.543210004e-14,0.01110159864
train,ml:logistic_regression/extended,2011-09-08,2019-12-31,2.399120728,0.1585819581,0.1346212524,-0.1947678279,1.124611325,1.605788831,0.8142102307,33991.20728,0.98,0.0139290787,0.02101689524,0.02488488089,0.03118351255,9,121.1469447,0.004187972193,0.03508528909,3.319566844e-14,0.1007909216
train,ml:random_forest/base,2011-09-08,2019-12-31,2.978369147,0.1807237893,0.128988644,-0.1947678279,1.314562902,1.908393365,0.9278934372,39783.69147,0.93,0.01315014372,0.02013047861,0.02415921341,0.02975717795,25,556.6201894,0.02632980339,0.2250368661,1.105782133e-13,0.6800393397
train,ml:random_forest/extended,2011-09-08,2019-12-31,3.194031668,0.1882464672,0.1268957392,-0.1947678279,1.384264837,2.019477799,0.9665172592,41940.31668,0.92,0.01275085175,0.01976594839,0.02377505584,0.02971884399,29,662.6090537,0.03385248131,0.2947388007,1.10467191e-13,0.8957018611
train,ml:hist_gradient_boosting/base,2011-09-08,2019-12-31,2.66207251,0.169014548,0.1297708525,-0.1947678279,1.230609103,1.779886345,0.8677744671,36620.7251,0.93,0.01333501746,0.02028952871,0.02436494841,0.02976173724,29,630.0736393,0.01462056218,0.1410830671,1.131317262e-13,0.3637427035
train,ml:hist_gradient_boosting/extended,2011-09-08,2019-12-31,3.246754411,0.190033663,0.125502442,-0.1947678279,1.410054618,2.063294328,0.9756932911,42467.54411,0.92,0.01282292011,0.01944573808,0.02340731417,0.02826944133,29,669.8826417,0.03563967711,0.3205285821,1.105782133e-13,0.9484246039
train,baseline:always_up,2011-09-08,2019-12-31,2.298329807,0.1543939859,0.1357675842,-0.1947678279,1.089526036,1.553416614,0.7927078489,32983.29807,1,0.01418495192,0.02107632875,0.02488488089,0.03118351255,1,9.992504997,0,0,0,0
train,baseline:historical_mean,2011-09-08,2019-12-31,2.298329807,0.1543939859,0.1357675842,-0.1947678279,1.089526036,1.553416614,0.7927078489,32983.29807,1,0.01418495192,0.02107632875,0.02488488089,0.03118351255,1,9.992504997,0,0,0,0
train,baseline:momentum_252d,2011-09-08,2019-12-31,1.301418072,0.1054786264,0.1248046941,-0.1947678279,0.8268873127,1.154207073,0.5415608294,23014.18072,0.92,0.01296149174,0.020102085,0.02445948515,0.03108102486,21,290.7733285,-0.04891535946,-0.2626387235,6.417089082e-14,-0.9969117353
train,baseline:moving_average_200d,2011-09-08,2019-12-31,1.153190257,0.09665978983,0.1156924761,-0.192857666,0.8129349496,1.134048907,0.5011975507,21531.90257,0.87,0.01187434493,0.01863889169,0.02209073655,0.02909631748,23,400.0647411,-0.05773419603,-0.2765910866,0.001910161852,-1.145139549
train,baseline:random,2011-09-08,2019-12-31,0.8738013788,0.0784757104,0.1059179707,-0.1947678279,0.7193674713,1.014956688,0.4029192668,18738.01379,0.65,0.01029880334,0.01778342754,0.02207415243,0.02831529694,97,1415.799883,-0.07591827545,-0.370158565,1.209032874e-13,-1.424528428
validation,ml:logistic_regression/base,2020-01-02,2022-12-30,0.2727949887,0.08394524205,0.2493909723,-0.3399298223,0.4258266512,0.5915859632,0.2469487422,12727.94989,0.9166666667,0.02273314306,0.03869241303,0.04394081046,0.06781607772,13,153.6315062,0.008288274621,0.03344012243,0,0.02890231731
validation,ml:logistic_regression/extended,2020-01-02,2022-12-30,0.2547497724,0.07878533028,0.2463606648,-0.3399298223,0.4086512794,0.567304188,0.231769398,12547.49772,0.8611111111,0.0232999915,0.03871208266,0.04394081046,0.06781607772,13,165.6279115,0.003128362849,0.01626475061,0,0.01085710093
validation,ml:random_forest/base,2020-01-02,2022-12-30,0.08489115708,0.0276022987,0.241514967,-0.3399298223,0.2109247573,0.2922263442,0.08119999156,10848.91157,0.6666666667,0.02199289106,0.0386464258,0.04394081046,0.06781607772,11,121.5309196,-0.04805466873,-0.1814617715,6.661338148e-15,-0.1590015143
validation,ml:random_forest/extended,2020-01-02,2022-12-30,0.08489115708,0.0276022987,0.241514967,-0.3399298223,0.2109247573,0.2922263442,0.08119999156,10848.91157,0.6666666667,0.02199289106,0.0386464258,0.04394081046,0.06781607772,11,121.5309196,-0.04805466873,-0.1814617715,6.661338148e-15,-0.1590015143
validation,ml:hist_gradient_boosting/base,2020-01-02,2022-12-30,0.08489115708,0.0276022987,0.241514967,-0.3399298223,0.2109247573,0.2922263442,0.08119999156,10848.91157,0.6666666667,0.02199289106,0.0386464258,0.04394081046,0.06781607772,11,121.5309196,-0.04805466873,-0.1814617715,6.661338148e-15,-0.1590015143
validation,ml:hist_gradient_boosting/extended,2020-01-02,2022-12-30,0.0008033963008,0.0002684007774,0.2408818279,-0.3399298223,0.09906391262,0.1369609289,0.0007895770238,10008.03396,0.6388888889,0.02199289106,0.0386464258,0.04394081046,0.06781607772,11,114.434351,-0.07538856665,-0.2933226162,6.661338148e-15,-0.2430892751
validation,baseline:always_up,2020-01-02,2022-12-30,0.2438926714,0.07565696743,0.2542111173,-0.3399298223,0.3923865288,0.5434759328,0.2225664312,12438.92671,1,0.02366038548,0.0391104698,0.04394081046,0.06781607772,1,9.992504997,0,0,0,0
validation,baseline:historical_mean,2020-01-02,2022-12-30,0.2438926714,0.07565696743,0.2542111173,-0.3399298223,0.3923865288,0.5434759328,0.2225664312,12438.92671,1,0.02366038548,0.0391104698,0.04394081046,0.06781607772,1,9.992504997,0,0,0,0
validation,baseline:momentum_252d,2020-01-02,2022-12-30,0.10277099,0.03323095474,0.2194229826,-0.3399298223,0.234159424,0.3135831526,0.09775827996,11027.7099,0.75,0.01930177185,0.03645733114,0.04391668273,0.06781607772,7,63.0778104,-0.04242601269,-0.1582271048,0,-0.1411216814
validation,baseline:moving_average_200d,2020-01-02,2022-12-30,-0.01610791499,-0.005411940827,0.2119521353,-0.3399298223,0.05513641173,0.07325985886,-0.01592075914,9838.92085,0.7222222222,0.01812741948,0.03500457549,0.04391668273,0.06781607772,13,128.3791234,-0.08106890825,-0.3372501171,0,-0.2600005864
validation,baseline:random,2020-01-02,2022-12-30,-0.02119149696,-0.007132161663,0.2151809567,-0.3399298223,0.04925143397,0.06712883419,-0.02098127671,9788.08503,0.6111111111,0.01914858715,0.03505139441,0.04142880433,0.06605771243,33,309.4116802,-0.08278912909,-0.3431350948,0,-0.2650841684
test,ml:logistic_regression/base,2023-01-03,2026-09-21,1.117849581,0.2238209949,0.1462830193,-0.1868938123,1.155801692,1.706435543,1.197583762,21178.49581,1,0.01416566642,0.02009967403,0.02261739395,0.03251710488,1,9.992504997,0,0,0,0
test,ml:logistic_regression/extended,2023-01-03,2026-09-21,1.158011627,0.2300248512,0.1436065955,-0.1868938123,1.210100752,1.797237785,1.230778314,21580.11627,0.9555555556,0.01416566642,0.01981159938,0.02148875908,0.031778728,9,122.0142134,0.006203856318,0.05429905972,6.705747069e-14,0.04016204613
test,ml:random_forest/base,2023-01-03,2026-09-21,1.039727767,0.2115028166,0.1432769278,-0.1868938123,1.106170503,1.63647462,1.131673724,20397.27767,0.9555555556,0.01394268685,0.01980781059,0.02148875908,0.03212047899,5,88.30187338,-0.01231817831,-0.04963118836,0,-0.07812181335
test,ml:random_forest/extended,2023-01-03,2026-09-21,1.087033263,0.2190022218,0.141120084,-0.1868938123,1.164761826,1.733714628,1.171800281,20870.33263,0.9111111111,0.01391054709,0.01947917025,0.02030912622,0.03121842434,13,236.5842497,-0.004818773059,0.008960133831,6.705747069e-14,-0.03081631789
test,ml:hist_gradient_boosting/base,2023-01-03,2026-09-21,1.05349747,0.2136987474,0.1428228688,-0.1868938123,1.121970136,1.660129239,1.143423342,20534.9747,0.9333333333,0.01394268685,0.01980781059,0.02148875908,0.03212047899,9,169.4090068,-0.01012224745,-0.03383155619,0,-0.06435211048
test,ml:hist_gradient_boosting/extended,2023-01-03,2026-09-21,1.05349747,0.2136987474,0.1428228688,-0.1868938123,1.121970136,1.660129239,1.143423342,20534.9747,0.9333333333,0.01394268685,0.01980781059,0.02148875908,0.03212047899,9,169.4090068,-0.01012224745,-0.03383155619,0,-0.06435211048
test,baseline:always_up,2023-01-03,2026-09-21,1.117849581,0.2238209949,0.1462830193,-0.1868938123,1.155801692,1.706435543,1.197583762,21178.49581,1,0.01416566642,0.02009967403,0.02261739395,0.03251710488,1,9.992504997,0,0,0,0
test,baseline:historical_mean,2023-01-03,2026-09-21,1.117849581,0.2238209949,0.1462830193,-0.1868938123,1.155801692,1.706435543,1.197583762,21178.49581,1,0.01416566642,0.02009967403,0.02261739395,0.03251710488,1,9.992504997,0,0,0,0
test,baseline:momentum_252d,2023-01-03,2026-09-21,0.9216975235,0.1922206442,0.1374058271,-0.1868938123,1.029639518,1.510794771,1.028501917,19216.97523,0.8888888889,0.01363560145,0.01969069735,0.02261739395,0.03251710488,3,30.32136427,-0.03160035064,-0.1261621742,1.36557432e-14,-0.1961520571
test,baseline:moving_average_200d,2023-01-03,2026-09-21,0.6919881356,0.1520608029,0.1212241919,-0.1004488501,0.8666041733,1.230250322,1.513813277,16919.88136,0.9111111111,0.01363560145,0.01750392865,0.01980073829,0.02419498339,11,148.6474322,-0.07176019197,-0.2891975185,0.08644496225,-0.4258614449
test,baseline:random,2023-01-03,2026-09-21,0.3162259286,0.07676014222,0.1223968919,-0.1868938123,0.303731355,0.4374612506,0.4107152681,13162.25929,0.5777777778,0.01234843267,0.01907877823,0.02261739395,0.03251710488,43,511.920085,-0.1470608527,-0.8520703369,5.284661597e-14,-0.801623652
walk_forward,ml:logistic_regression/base,2016-01-04,2026-09-21,2.542302385,0.1253090356,0.1753965057,-0.3399298223,0.6416482909,0.8994588188,0.3686320744,35423.02385,0.9302325581,0.01630893209,0.02685103111,0.03111942038,0.04686763847,25,345.0939602,-0.02770616813,-0.1303530076,1.021405183e-13,-1.054456372
walk_forward,ml:logistic_regression/extended,2016-01-04,2026-09-21,3.169841733,0.1425721592,0.1697563133,-0.3399298223,0.7471275084,1.054044604,0.4194164496,41698.41733,0.8372093023,0.01554152866,0.02614935818,0.03074326714,0.04673440207,39,693.4396915,-0.0104430445,-0.0248737901,1.019184737e-13,-0.4269170244
walk_forward,ml:random_forest/base,2016-01-04,2026-09-21,3.122126653,0.141345388,0.1735387451,-0.3399298223,0.7283712243,1.02521331,0.4158075542,41221.26653,0.9147286822,0.01599700088,0.02662028321,0.03111942038,0.0469357018,21,374.1042098,-0.01166981568,-0.04363007419,1.445510378e-13,-0.4746321038
walk_forward,ml:random_forest/extended,2016-01-04,2026-09-21,3.46884381,0.1499818228,0.1747404718,-0.3399298223,0.7678100681,1.081847423,0.441214077,44688.4381,0.9379844961,0.01614091895,0.02671002431,0.03111942038,0.0469357018,13,247.7521488,-0.003033380897,-0.004191230375,1.445510378e-13,-0.1279149474
walk_forward,ml:hist_gradient_boosting/base,2016-01-04,2026-09-21,2.762850214,0.1316713115,0.1700957267,-0.3399298223,0.6893845766,0.9743113684,0.3873485139,37628.50214,0.8449612403,0.01550736533,0.02604669773,0.03056859235,0.04611141416,41,678.6996525,-0.02134389218,-0.08261672187,1.444400155e-13,-0.8339085429
walk_forward,ml:hist_gradient_boosting/extended,2016-01-04,2026-09-21,2.933668737,0.1363707157,0.1713219341,-0.3399298223,0.7100026611,1.002293679,0.4011731443,39336.68737,0.8759689922,0.01580259374,0.02621545931,0.03070235109,0.04632452087,33,707.2321657,-0.01664448803,-0.06199863736,1.443289932e-13,-0.6630900199
walk_forward,baseline:always_up,2016-01-04,2026-09-21,3.596758757,0.1530152037,0.1779533594,-0.3399298223,0.7720012985,1.084877528,0.4501376274,45967.58757,1,0.01644816098,0.02706542083,0.03226876668,0.04702275829,1,9.992504997,0,0,0,0
walk_forward,baseline:historical_mean,2016-01-04,2026-09-21,3.596758757,0.1530152037,0.1779533594,-0.3399298223,0.7720012985,1.084877528,0.4501376274,45967.58757,1,0.01644816098,0.02706542083,0.03226876668,0.04702275829,1,9.992504997,0,0,0,0
walk_forward,baseline:momentum_252d,2016-01-04,2026-09-21,2.1193432,0.1120317605,0.1586660898,-0.3399298223,0.6168071671,0.8466081312,0.3295732033,31193.432,0.8527131783,0.01423760779,0.02516983241,0.03015949693,0.04611241123,15,190.9447348,-0.04098344324,-0.1551941314,8.881784197e-14,-1.477415557
walk_forward,baseline:moving_average_200d,2016-01-04,2026-09-21,1.31055823,0.08131025188,0.1497103615,-0.354914674,0.45694403,0.6179976467,0.2290980279,23105.5823,0.8372093023,0.0139091634,0.02368291665,0.02766392731,0.04350788539,39,566.2334978,-0.07170495181,-0.3150572685,-0.01498485163,-2.286200527
walk_forward,baseline:random,2016-01-04,2026-09-21,0.7149968636,0.05163921577,0.163039671,-0.3993326455,0.2610936408,0.3580546442,0.1293137848,17149.96864,0.7286821705,0.01522563213,0.02618029266,0.03111942038,0.04694845889,113,1354.554374,-0.1013759879,-0.5109076576,-0.05940282321,-2.881761894
