portfolio,target_weights,rebalance,mode,start,end,total_return,cagr,annual_volatility,max_drawdown,max_drawdown_date,sharpe_ratio,rebalances,annual_turnover,total_contributed,final_value,return_on_contributions,money_max_drawdown,money_days_to_recover,final_weights
US equity,VOO 100%,none,lump_sum,2010-09-09,2026-09-21,8.340202,0.149537,0.169698,-0.33993,2020-03-23,0.825687,0,0.0,10000.0,93402.022731,8.340202,-0.33993,140.0,VOO 100%
US equity,VOO 100%,none,dca,2010-09-09,2026-09-21,8.340202,0.149537,0.169698,-0.33993,2020-03-23,0.825687,0,0.0,1930000.0,7233992.239367,2.748183,-0.339659,136.0,VOO 100%
US equity,VOO 100%,annual,lump_sum,2010-09-09,2026-09-21,8.340202,0.149537,0.169698,-0.33993,2020-03-23,0.825687,16,0.0,10000.0,93402.022731,8.340202,-0.33993,140.0,VOO 100%
US equity,VOO 100%,annual,dca,2010-09-09,2026-09-21,8.340202,0.149537,0.169698,-0.33993,2020-03-23,0.825687,16,0.0,1930000.0,7233992.239367,2.748183,-0.339659,136.0,VOO 100%
US equity,VOO 100%,quarterly,lump_sum,2010-09-09,2026-09-21,8.340202,0.149537,0.169698,-0.33993,2020-03-23,0.825687,64,0.0,10000.0,93402.022731,8.340202,-0.33993,140.0,VOO 100%
US equity,VOO 100%,quarterly,dca,2010-09-09,2026-09-21,8.340202,0.149537,0.169698,-0.33993,2020-03-23,0.825687,64,0.0,1930000.0,7233992.239367,2.748183,-0.339659,136.0,VOO 100%
US equity,VOO 100%,monthly,lump_sum,2010-09-09,2026-09-21,8.340202,0.149537,0.169698,-0.33993,2020-03-23,0.825687,192,0.0,10000.0,93402.022731,8.340202,-0.33993,140.0,VOO 100%
US equity,VOO 100%,monthly,dca,2010-09-09,2026-09-21,8.340202,0.149537,0.169698,-0.33993,2020-03-23,0.825687,192,0.0,1930000.0,7233992.239367,2.748183,-0.339659,136.0,VOO 100%
Global equity,VT 100%,none,lump_sum,2010-09-09,2026-09-21,4.387523,0.110755,0.170607,-0.342362,2020-03-23,0.620739,0,0.0,10000.0,53875.226919,4.387523,-0.342362,154.0,VT 100%
Global equity,VT 100%,none,dca,2010-09-09,2026-09-21,4.387523,0.110755,0.170607,-0.342362,2020-03-23,0.620739,0,0.0,1930000.0,5399406.544148,1.79762,-0.342028,148.0,VT 100%
Global equity,VT 100%,annual,lump_sum,2010-09-09,2026-09-21,4.387523,0.110755,0.170607,-0.342362,2020-03-23,0.620739,16,0.0,10000.0,53875.226919,4.387523,-0.342362,154.0,VT 100%
Global equity,VT 100%,annual,dca,2010-09-09,2026-09-21,4.387523,0.110755,0.170607,-0.342362,2020-03-23,0.620739,16,0.0,1930000.0,5399406.544148,1.79762,-0.342028,148.0,VT 100%
Global equity,VT 100%,quarterly,lump_sum,2010-09-09,2026-09-21,4.387523,0.110755,0.170607,-0.342362,2020-03-23,0.620739,64,0.0,10000.0,53875.226919,4.387523,-0.342362,154.0,VT 100%
Global equity,VT 100%,quarterly,dca,2010-09-09,2026-09-21,4.387523,0.110755,0.170607,-0.342362,2020-03-23,0.620739,64,0.0,1930000.0,5399406.544148,1.79762,-0.342028,148.0,VT 100%
Global equity,VT 100%,monthly,lump_sum,2010-09-09,2026-09-21,4.387523,0.110755,0.170607,-0.342362,2020-03-23,0.620739,192,0.0,10000.0,53875.226919,4.387523,-0.342362,154.0,VT 100%
Global equity,VT 100%,monthly,dca,2010-09-09,2026-09-21,4.387523,0.110755,0.170607,-0.342362,2020-03-23,0.620739,192,0.0,1930000.0,5399406.544148,1.79762,-0.342028,148.0,VT 100%
US + Japan,VOO 70% / EWJ 30%,none,lump_sum,2010-09-09,2026-09-21,6.548847,0.134371,0.164517,-0.322774,2020-03-23,0.765543,0,0.0,10000.0,75488.46813,6.548847,-0.322774,142.0,VOO 87% / EWJ 13%
US + Japan,VOO 70% / EWJ 30%,none,dca,2010-09-09,2026-09-21,6.253312,0.131549,0.163406,-0.317864,2020-03-23,0.754358,0,0.0,1930000.0,6339593.986582,2.284764,-0.317551,142.0,VOO 80% / EWJ 20%
US + Japan,VOO 70% / EWJ 30%,annual,lump_sum,2010-09-09,2026-09-21,6.020544,0.129249,0.162304,-0.312106,2020-03-23,0.745816,16,0.018696,10000.0,70205.44379,6.020544,-0.312106,142.0,VOO 69% / EWJ 31%
US + Japan,VOO 70% / EWJ 30%,annual,dca,2010-09-09,2026-09-21,6.017767,0.129221,0.162282,-0.312097,2020-03-23,0.745742,16,0.018069,1930000.0,6187383.226782,2.205898,-0.311774,142.0,VOO 69% / EWJ 31%
US + Japan,VOO 70% / EWJ 30%,quarterly,lump_sum,2010-09-09,2026-09-21,6.024396,0.129288,0.162235,-0.312106,2020-03-23,0.746272,64,0.034359,10000.0,70243.961721,6.024396,-0.312106,142.0,VOO 70% / EWJ 30%
US + Japan,VOO 70% / EWJ 30%,quarterly,dca,2010-09-09,2026-09-21,6.024173,0.129286,0.162235,-0.312097,2020-03-23,0.74626,64,0.032873,1930000.0,6179896.865812,2.202019,-0.311775,142.0,VOO 70% / EWJ 30%
US + Japan,VOO 70% / EWJ 30%,monthly,lump_sum,2010-09-09,2026-09-21,6.035091,0.129395,0.162077,-0.310919,2020-03-23,0.74743,192,0.061211,10000.0,70350.912025,6.035091,-0.310919,142.0,VOO 70% / EWJ 30%
US + Japan,VOO 70% / EWJ 30%,monthly,dca,2010-09-09,2026-09-21,6.035091,0.129395,0.162077,-0.310919,2020-03-23,0.74743,192,0.05966,1930000.0,6184871.244671,2.204596,-0.310596,142.0,VOO 70% / EWJ 30%
US 60/40,VOO 60% / BND 40%,none,lump_sum,2010-09-09,2026-09-21,5.162486,0.120105,0.131487,-0.275658,2020-03-23,0.823945,0,0.0,10000.0,61624.859597,5.162486,-0.275658,135.0,VOO 91% / BND 9%
US 60/40,VOO 60% / BND 40%,none,dca,2010-09-09,2026-09-21,4.444459,0.111483,0.119477,-0.248095,2020-03-23,0.829253,0,0.0,1930000.0,5223617.211857,1.706537,-0.247855,121.0,VOO 83% / BND 17%
US 60/40,VOO 60% / BND 40%,annual,lump_sum,2010-09-09,2026-09-21,3.581905,0.09959,0.102698,-0.211418,2020-03-23,0.841462,16,0.033108,10000.0,45819.048189,3.581905,-0.211418,119.0,VOO 63% / BND 37%
US 60/40,VOO 60% / BND 40%,annual,dca,2010-09-09,2026-09-21,3.577709,0.099527,0.102643,-0.211453,2020-03-23,0.841297,16,0.032977,1930000.0,4511446.588052,1.337537,-0.211248,119.0,VOO 63% / BND 37%
US 60/40,VOO 60% / BND 40%,quarterly,lump_sum,2010-09-09,2026-09-21,3.63168,0.100331,0.102989,-0.211418,2020-03-23,0.84591,64,0.062195,10000.0,46316.802631,3.63168,-0.211418,77.0,VOO 61% / BND 39%
US 60/40,VOO 60% / BND 40%,quarterly,dca,2010-09-09,2026-09-21,3.627151,0.100264,0.102996,-0.211453,2020-03-23,0.845272,64,0.061424,1930000.0,4530699.135799,1.347513,-0.211248,77.0,VOO 61% / BND 39%
US 60/40,VOO 60% / BND 40%,monthly,lump_sum,2010-09-09,2026-09-21,3.568995,0.099396,0.103231,-0.216614,2020-03-23,0.835914,192,0.095891,10000.0,45689.948602,3.568995,-0.216614,114.0,VOO 61% / BND 39%
US 60/40,VOO 60% / BND 40%,monthly,dca,2010-09-09,2026-09-21,3.568995,0.099396,0.103231,-0.216614,2020-03-23,0.835914,192,0.094775,1930000.0,4497412.653257,1.330266,-0.216408,114.0,VOO 61% / BND 39%
Global 60/40,VT 60% / BND 40%,none,lump_sum,2010-09-09,2026-09-21,2.790878,0.086669,0.120858,-0.252655,2020-03-23,0.634059,0,0.0,10000.0,37908.78211,2.790878,-0.252655,135.0,VT 85% / BND 15%
Global 60/40,VT 60% / BND 40%,none,dca,2010-09-09,2026-09-21,2.554999,0.082323,0.112904,-0.234973,2022-10-14,0.634863,0,0.0,1930000.0,4122865.794726,1.1362,-0.233233,133.0,VT 79% / BND 21%
Global 60/40,VT 60% / BND 40%,annual,lump_sum,2010-09-09,2026-09-21,2.256512,0.076419,0.102934,-0.222739,2022-10-14,0.632576,16,0.029597,10000.0,32565.124844,2.256512,-0.222739,523.0,VT 63% / BND 37%
Global 60/40,VT 60% / BND 40%,annual,dca,2010-09-09,2026-09-21,2.256521,0.076419,0.102923,-0.222781,2022-10-14,0.63263,16,0.028861,1930000.0,3806944.966662,0.97251,-0.218577,504.0,VT 63% / BND 37%
Global 60/40,VT 60% / BND 40%,quarterly,lump_sum,2010-09-09,2026-09-21,2.329973,0.077918,0.103682,-0.22326,2022-10-14,0.642185,64,0.057305,10000.0,33299.73392,2.329973,-0.22326,523.0,VT 61% / BND 39%
Global 60/40,VT 60% / BND 40%,quarterly,dca,2010-09-09,2026-09-21,2.326934,0.077856,0.103692,-0.223258,2022-10-14,0.641586,64,0.054931,1930000.0,3845623.193645,0.992551,-0.219124,504.0,VT 61% / BND 39%
Global 60/40,VT 60% / BND 40%,monthly,lump_sum,2010-09-09,2026-09-21,2.282037,0.076943,0.104102,-0.222497,2022-10-14,0.631313,192,0.092062,10000.0,32820.372117,2.282037,-0.222497,523.0,VT 60% / BND 40%
Global 60/40,VT 60% / BND 40%,monthly,dca,2010-09-09,2026-09-21,2.282037,0.076943,0.104102,-0.222497,2022-10-14,0.631313,192,0.089276,1930000.0,3817023.157177,0.977732,-0.218356,504.0,VT 60% / BND 40%
Conservative,VOO 30% / BND 40% / BIL 30%,none,lump_sum,2010-09-09,2026-09-21,2.735586,0.085673,0.091925,-0.195168,2020-03-23,0.789963,0,0.0,10000.0,37355.856833,2.735586,-0.195168,121.0,VOO 75% / BND 15% / BIL 10%
Conservative,VOO 30% / BND 40% / BIL 30%,none,dca,2010-09-09,2026-09-21,2.049309,0.072014,0.07281,-0.168089,2022-10-14,0.801321,0,0.0,1930000.0,3747336.190991,0.941625,-0.164744,426.0,VOO 58% / BND 24% / BIL 19%
Conservative,VOO 30% / BND 40% / BIL 30%,annual,lump_sum,2010-09-09,2026-09-21,1.512027,0.059132,0.05377,-0.134039,2022-10-14,0.837121,16,0.032838,10000.0,25120.268031,1.512027,-0.134039,439.0,VOO 33% / BND 38% / BIL 29%
Conservative,VOO 30% / BND 40% / BIL 30%,annual,dca,2010-09-09,2026-09-21,1.50815,0.05903,0.053708,-0.134144,2022-10-14,0.836232,16,0.032695,1930000.0,3204172.100094,0.660193,-0.13124,426.0,VOO 33% / BND 38% / BIL 29%
Conservative,VOO 30% / BND 40% / BIL 30%,quarterly,lump_sum,2010-09-09,2026-09-21,1.518166,0.059294,0.054134,-0.137093,2022-10-14,0.834648,64,0.059016,10000.0,25181.658273,1.518166,-0.137093,439.0,VOO 31% / BND 39% / BIL 30%
Conservative,VOO 30% / BND 40% / BIL 30%,quarterly,dca,2010-09-09,2026-09-21,1.516117,0.05924,0.054134,-0.137089,2022-10-14,0.833722,64,0.05897,1930000.0,3203526.631668,0.659858,-0.134185,431.0,VOO 31% / BND 39% / BIL 30%
Conservative,VOO 30% / BND 40% / BIL 30%,monthly,lump_sum,2010-09-09,2026-09-21,1.491,0.058577,0.05414,-0.136776,2022-10-14,0.822015,192,0.089451,10000.0,24910.000445,1.491,-0.136776,439.0,VOO 30% / BND 40% / BIL 30%
Conservative,VOO 30% / BND 40% / BIL 30%,monthly,dca,2010-09-09,2026-09-21,1.491,0.058577,0.05414,-0.136776,2022-10-14,0.822015,192,0.089749,1930000.0,3186432.698154,0.651001,-0.133858,426.0,VOO 30% / BND 40% / BIL 30%
